Countries,Y1970,Y1971,Y1972,Y1973,Y1974,Y1975,Y1976,Y1977,Y1978,Y1979,Y1980,Y1981,Y1982,Y1983,Y1984,Y1985,Y1986,Y1987,Y1988,Y1989,Y1990,Y1991,Y1992,Y1993,Y1994,Y1995,Y1996,Y1997,Y1998,Y1999,Y2000,Y2001,Y2002,Y2003
Afghanistan,7.564475772903438,7.591101928880993,7.617458191110137,7.642963026332768,7.667138742329914,7.689547502789022,7.7097643787253745,7.727451813069266,7.742316236334733,7.753894671809114,7.761614978171118,7.7646695052654895,7.76199556632217,7.7524679448940095,7.735038738258141,7.7088682913563975,7.673394777922066,7.628392725550069,7.574127666648935,7.511174265185996,7.440291232075516,7.362342452106199,7.278260540298518,7.189362036910452,7.096961382920335,7.001989729498827,6.904959746175187,6.805942091506303,6.704858815057496,6.6019582432570045,6.498111165704117,6.394634864861474,6.292025917812721,6.189884400453509
Algeria,8.303370904386401,8.321349099315672,8.339473215858401,8.357712600135649,8.376283946217654,8.395497691090481,8.415485767511884,8.43611891220736,8.457170233817354,8.47822486296084,8.49871924450305,8.51832377352334,8.536782796054814,8.55379323169898,8.569083013539146,8.582423794110552,8.593677962889373,8.602763511002284,8.60975378563338,8.61493650853259,8.618639139814006,8.621218327765282,8.623046954895234,8.624493024153606,8.625950802293518,8.627753333913628,8.630073117151879,8.632963440531615,8.636439775926252,8.640446971525314,8.644873758776596,8.649588953733819,8.654492932911177,8.659494046016938
Antigua,8.439047604089732,8.452210905286634,8.465652157724142,8.479801014060333,8.495337590016547,8.513046418798805,8.533850054180908,8.558616202123797,8.587859434722946,8.62184529178294,8.660527840998567,8.703727653822687,8.75109165329692,8.801937065295649,8.85528781148739,8.910324136315218,8.966282484935013,9.022429889398328,9.078047275210505,9.132280867820434,9.184530637310623,9.234387900284023,9.28169934632802,9.326422138907427,9.368606941935527,9.408469941507398,9.446414187633852,9.482808311128277,9.517976297036002,9.55220720119171,9.585801931878807,9.61905791798697,9.652186649164046,9.685274854457887
Argentina,9.22711403600062,9.227052202018173,9.226882516133774,9.226442258493954,9.225513734429217,9.22388346860919,9.221443653899057,9.218141887733973,9.213924578409765,9.208841514487657,9.202956559806513,9.196510170634598,9.189955318299107,9.1837995218895,9.178471247679395,9.174394970182407,9.172031623234421,9.171661461529911,9.173540888581465,9.177926997403082,9.184968150026718,9.194477125653695,9.205843428672432,9.218260261447684,9.23094544783826,9.243227271506367,9.254613451099841,9.264668824672434,9.273065409458663,9.279711520311146,9.284800441213289,9.288720189121646,9.291985235276298,9.295081079532107
Australia,9.601884785327949,9.617660182877577,9.633415254120393,9.649138431208724,9.664834222778323,9.680569256435723,9.696388505698415,9.712310310957001,9.728351421795706,9.744505077917928,9.760778084606097,9.777181123456746,9.793741548391498,9.810530134358647,9.82755854766725,9.844805006942392,9.862239407501626,9.879868744673079,9.89771328901002,9.915842881271056,9.934375400160697,9.953492457005872,9.973350994062107,9.994029452961538,10.015529984721327,10.037786020954416,10.060690047599785,10.08410968473284,10.107898259661917,10.131914456656926,10.156058814846933,10.18028363412045,10.204549736417022,10.228832161300598
Austria,9.491243733925783,9.521050383678448,9.550750286137573,9.580171104248935,9.6091409226223,9.637529878814663,9.665260793841226,9.69223256331312,9.718364834580377,9.743657227690985,9.76808306321779,9.791714993327266,9.814676939724276,9.837096389310453,9.85909296611406,9.880786084283608,9.902250384152111,9.923536315095642,9.944653319477439,9.965552242404247,9.986157570835836,10.006408575215884,10.026300984104582,10.045896736484305,10.065309866613458,10.084645444872407,10.103982055208258,10.123358127799785,10.142769156402203,10.162167128938927,10.181497347196101,10.200725163362163,10.21987114504587,10.238980607206196
Bahamas,9.597426059943153,9.598512410709494,9.5999364025312,9.602354733458677,9.606592071963021,9.613766364309399,9.624771582718205,9.639811557888716,9.658446861461591,9.679718898951457,9.70238377788564,9.725381753866973,9.747899564790993,9.769190074145175,9.788584012585508,9.805554209617531,9.819669664398758,9.830608946069553,9.838134303211811,9.842181177355192,9.842855384243473,9.840678699772546,9.836403386805296,9.830903065901522,9.824948378911785,9.819141842290694,9.813982190376027,9.809789027799539,9.80666112171737,9.804469278913368,9.802876439556835,9.801588037103748,9.800444357272863,9.799350002257068
Bahrain,9.456205255529781,9.499629500413583,9.542860072356905,9.585369026027932,9.626156244291277,9.66347293806337,9.69596549695167,9.722710969242936,9.743268184431974,9.757824177987878,9.766922381194682,9.771341574681035,9.772006288575424,9.76982513406489,9.765738742119819,9.760705690470468,9.755646064910376,9.751225282060762,9.747856343810172,9.745706337563638,9.744841863817173,9.745267112587713,9.747004576068978,9.74997047088085,9.754080480709073,9.759583029835145,9.766510968301233,9.774836777227257,9.784449200822026,9.795135936002842,9.806583069352737,9.818491730830976,9.8306308846073,9.842866054791557
Barbados,9.36266888954152,9.37142788008155,9.380180593664504,9.388980471522725,9.397969828941209,9.407325207741835,9.417291368417137,9.427976385448606,9.43927622157436,9.45095010317438,9.462723795816327,9.474453456927236,9.48611163849794,9.497644688300868,9.508898750434625,9.519631272256563,9.529618347323606,9.538603259623997,9.546436077071942,9.55312964005974,9.558874946003163,9.564047925278077,9.569095170354275,9.574479268326241,9.580560229136543,9.587495591536891,9.5952837606626,9.603825088483855,9.612940807249231,9.62240415874097,9.632003943472181,9.64160041444565,9.651188076324145,9.6607785590299
Belgium,9.469780257912745,9.495836330887904,9.5217953761281109,9.547479665244886,9.572684264657392,9.597260877413602,9.6211540682065,9.644295538051654,9.66667864932602,9.68831628181225,9.709255679758405,9.729581876794212,9.749468315463798,9.769106216477416,9.78866806622535,9.80826159542261,9.82794644410336,9.847722768758016,9.867526218279018,9.887234120496764,9.906734957850654,9.925962409443299,9.944921376816657,9.963673829470697,9.982321388522813,10.000923791137245,10.019523723866222,10.03815135730004,10.056795681332297,10.075435084481851,10.094031768343392,10.11255224864139,10.131010500152657,10.149437823467109
Belize,8.189369096504912,8.217814330871242,8.246144652574221,8.274190896517334,8.3017326115009,8.328508035017913,8.354215661142971,8.37848635378913,8.400756689986274,8.420294261698238,8.43659699131248,8.449475202989126,8.459353235640933,8.466938847962949,8.473306827326317,8.479733594151977,8.48743187200849,8.497104254290033,8.509083944459865,8.523401846528362,8.53982034415036,8.557962419262124,8.57747768085464,8.597928186809366,8.61892526908885,8.640187922630005,8.661605163331432,8.683229454858862,8.705180014143387,8.727569882964772,8.750468311814322,8.773853621668522,8.797582761776459,8.821444248869142
Benin,7.059757901820242,7.055617553868071,7.0513406610161535,7.04667797162228,7.041560352528967,7.036087889920522,7.030587721228829,7.025436097385679,7.021121658947223,7.017894305414786,7.0156907520610545,7.014342317523672,7.013702160469532,7.013572675370657,7.013881482529073,7.01448217870553,7.01528994949107,7.016392206687338,7.01801511698338,7.020406544065191,7.023827999402121,7.028445813436136,7.034341417139423,7.041562038387217,7.050133045960748,7.06004222455057,7.071213597873791,7.083495357871609,7.096715434649541,7.110693892435513,7.125252225686198,7.140205936633412,7.155387589284896,7.170653764090757
Bermuda,9.986512254359315,10.013679985533518,10.040834602437059,10.067948270674652,10.094944471582977,10.121653247352357,10.147757749572818,10.17292241783237,10.196880090685392,10.219391486234574,10.24024039276175,10.25934524234165,10.276793393923834,10.292669747554452,10.30706954059863,10.320072849578956,10.33170031175966,10.341977234318225,10.350966465574217,10.35883969010712,10.365891668326011,10.372506221538007,10.37905633209134,10.385847432302667,10.393023708131388,10.400616345941069,10.40854976637456,10.416692729533498,10.424903977500838,10.433061332813725,10.441080158614188,10.449054980196339,10.457065231992857,10.465123451478505
Bhutan,5.376691485325572,5.426242924798072,5.475944915387639,5.526037132388004,5.576747369602801,5.6283206071723875,5.6809223957835435,5.7346115644088,5.7892830511269935,5.844654304918457,5.900033595449792,5.954647605821995,6.0079758247337125,6.059655614879874,6.109389070058679,6.156996365201035,6.2024450986687745,6.245625368641571,6.28644807541943,6.325154476656389,6.362080923780912,6.397698467442759,6.432507121688348,6.466996477680329,6.501536030161752,6.536313659930839,6.571323251106091,6.606446817296589,6.641467301022656,6.676323452304167,6.7110283722375605,6.74565809100298,6.780309093229696,6.8150197920344375
Bolivia,7.9156425240914,7.925975172885993,7.936117326283685,7.945702779193042,7.954234558934225,7.961180514413448,7.9660087453325215,7.968260387647815,7.967665398456462,7.964205165613431,7.95806430116439,7.949645232912526,7.939535613041336,7.928506508301542,7.917424106583218,7.907067280958018,7.898113764630983,7.891095411309049,7.886303102941692,7.883863582647545,7.883772521276975,7.885932180583385,7.89017639191256,7.896299442106473,7.904030680341303,7.913065154398311,7.923103223965205,7.933873482894331,7.945138778401589,7.956711056985058,7.968452361300349,7.980277288389812,7.992135504267873,8.004004558137948
Botswana,7.192924932380558,7.2732490304769595,7.353282680922452,7.432587455621541,7.51071147743267,7.587193440785521,7.6616375804649595,7.7338837766359045,7.803897996369859,7.871822176652628,7.937920935572013,8.002555921803525,8.066055358464013,8.12841870865961,8.189557224275543,8.249378304222713,8.307632644159536,8.36407109355841,8.418359073970965,8.470164637735822,8.519115506781622,8.565065611455234,8.608053946061231,8.648333452033885,8.686371857978754,8.722692627021944,8.75781148559345,8.792156101279941,8.826052263427737,8.859799295934511,8.89362146845082,8.927471904682621,8.961293788443243,8.995112557875755
Brazil,8.3922032137944509,8.431645666519266,8.470827533496868,8.509295845409309,8.546507200487815,8.581972131452499,8.615262620274242,8.646018736821697,8.674050473695031,8.69929145975814,8.721754927865186,8.741586827979079,8.759141941277877,8.774789180311293,8.788858505024718,8.80147687736624,8.812571031505115,8.82201866828882,8.829771171390938,8.835934653266369,8.840702973671812,8.844431738589401,8.847448969660032,8.85002871182352,8.852338111624624,8.854471268481413,8.85651722362128,8.858525259459627,8.860521031574226,8.862528736858337,8.864542650716505,8.86654120205681,8.868543829809008,8.870576133808198
Brunei,10.435049892187493,10.455204311509053,10.475120328896875,10.494291431762852,10.511997949189162,10.527387471102628,10.539526918905276,10.54729980068447,10.54974052040375,10.546200677034676,10.536429897724826,10.5210035147867,10.501057103099091,10.477653212571363,10.451778608063078,10.424377734189207,10.396350540957235,10.368500367481376,10.341451939784843,10.315687723297808,10.291562803650244,10.269265995682783,10.248872042797007,10.23042284986587,10.213878252390767,10.199103510278585,10.185886215497609,10.17395434313856,10.16305757759683,10.1530068695456,10.143690854829984,10.134929332802894,10.126510620860353,10.118233848112839
Burkina.Faso,6.513853448392459,6.523499163277153,6.533206437879729,6.5429938697055805,6.552972987064454,6.563246049452492,6.57391426663033,6.5850256858898115,6.596548799369739,6.608462863947094,6.620645017428155,6.632888436218478,6.644979771673693,6.6568163337389015,6.66840953390364,6.679735661064536,6.690621380982777,6.700860371286994,6.710269058297655,6.7188187258207055,6.726673567242959,6.734140166586513,6.741510286091877,6.749152913081472,6.757466206996627,6.766783438003578,6.77742058050242,6.789565323724532,6.803235825941359,6.818321211731297,6.834528691831295,6.851553709505193,6.869101956515584,6.88687915129955
Burundi,6.670287913949859,6.684405393291345,6.698577153541669,6.712875791706336,6.727282866415425,6.741788352635825,6.756257637172111,6.77041551047859,6.783966462436464,6.796755333266976,6.808711775264559,6.8198109255907235,6.829997424328147,6.839262927818357,6.8475455015398765,6.854638455405327,6.860101568767764,6.863430266882927,6.864075564866526,6.861443560707606,6.8551781138823245,6.844977403353782,6.830830087483949,6.813122419100083,6.792679857540887,6.770363217262125,6.746909471477486,6.722992862612074,6.699028985359046,6.675206487307554,6.651615079984917,6.628440584231511,6.605613351111039,6.58292424694207
Cambodia,6.913508802850997,6.834389436863461,6.755463954041604,6.677158238457243,6.600158595496032,6.525051786111562,6.452348466574488,6.382600693892261,6.316550693905449,6.254878956043106,6.198344281139875,6.147569828013799,6.103001312899656,6.065025058185925,6.033955114714504,6.01000521082974,5.993279864364206,5.983706559029543,5.980916678797241,5.984204257340385,5.992875876931232,6.006191330697499,6.023333507275601,6.0435286736581775,6.06613763683792,6.0906709370179355,6.116847961979505,6.1444037415051,6.173125155729113,6.202858802125929,6.233408593819847,6.2644887143520025,6.295834928891476,6.327270679530016
Cameroon,7.501246020490596,7.532967554310465,7.5648734712027945,7.597182618476264,7.630071662470075,7.663653584568956,7.697980993843549,7.732935813615213,7.768168480948768,7.803068331993348,7.8366904500779375,7.867841362560933,7.895164290386403,7.917294287109717,7.933216909635733,7.942358853341308,7.944569799721929,7.940270897440951,7.930427356054039,7.916254549529749,7.89913649483424,7.880421265076855,7.861457703468858,7.843491142323022,7.827564049038696,7.814446632229032,7.804524946447646,7.797806736422077,7.793971707539839,7.792536048122665,7.792939911335328,7.794595672678237,7.796965038711287,7.799599666325848
Canada,9.598038386264724,9.622197888991884,9.646259356379751,9.670068127453092,9.693438757374478,9.716225532577491,9.738306657186428,9.759556187258184,9.779884878240091,9.799254309145342,9.817686340803172,9.835277697218878,9.852170062769531,9.868547960148389,9.88448931957517,9.899983637948209,9.915010257237135,9.929585375351179,9.94375883401222,9.957655837504143,9.971515659146915,9.985690867892032,10.00057616327766,10.016474708213272,10.033557380402717,10.051862826275933,10.071360628123836,10.091955839361166,10.113459176147229,10.135635383862049,10.158227006151316,10.18102010954461,10.203897519366379,10.226793932338827
Cape.Verde,7.580627370830151,7.582109872104539,7.583763218469282,7.585916999755046,7.58913086987152,7.593998693512549,7.601241505412615,7.611401047621674,7.624875588672867,7.641907564527188,7.66254993184724,7.686653172160388,7.713824017611498,7.743522224880717,7.775056807810631,7.807806256829917,7.841264145162575,7.875175087133626,7.909492116239416,7.944279779055674,7.9797881481463095,8.01639432882732,8.054423597579106,8.094128820684668,8.135614344965377,8.1789064526734645,8.223798846976019,8.270031840741664,8.317203811663804,8.364903774562368,8.41277037763965,8.460552120644193,8.5082502242262,8.555910667178386
Central.African.Republic,6.9280854529434714,6.931916555158013,6.9359761379274385,6.940382688159542,6.945034473309587,6.949651867002727,6.95381596497907,6.956981598349709,6.958540426120103,6.9579747589949115,6.955134100725654,6.950097792103334,6.942997415766967,6.934006759060005,6.923360998331107,6.911137589280279,6.897439342960402,6.882416161218568,6.8663256528789685,6.849462940918362,6.832254661674697,6.815322198655179,6.799489667495955,6.785750648400568,6.774770027115017,6.7668511968103475,6.76201265199949,6.760101582971402,6.760678478369031,6.763114680442742,6.766662789810182,6.770743394398971,6.7749886575457126,6.779257492702824
Chad,6.867223272939294,6.8420476081953945,6.8169511509737415,6.792153306330811,6.767836950961291,6.744014971523786,6.7207876343192465,6.698645191157904,6.678431107585266,6.661176239714894,6.648091717855055,6.639983616484573,6.637131249746317,6.639275496676242,6.645635933084754,6.655170814370365,6.66666696036307,6.679186568551781,6.691942578991344,6.704121057609912,6.715130458261581,6.7246226038541295,6.732275729899488,6.737889190995711,6.741442867132387,6.7430121221442825,6.742709646827802,6.740794250628323,6.7375290273042765,6.7331319109662235,6.72790872545621,6.722286087486279,6.716672915189982,6.711241419808445
Chile,8.716851591525677,8.710286684636744,8.703746237437679,8.697479077200443,8.691933600014213,8.687612272127641,8.685089552555214,8.684618057391356,8.68615117161806,8.68952864015418,8.694631035176199,8.701542170362284,8.710624566006942,8.722598180473334,8.738113541495467,8.75759832290546,8.78130212255276,8.809242599000145,8.841225196094287,8.876863439228766,8.915623202979447,8.956927101032683,9.00009347744298,9.044372265963743,9.08907734741545,9.13360252498574,9.177414472626817,9.22014923751759,9.26165122202243,9.301989671250633,9.341399388031308,9.380155367084274,9.418539137670768,9.45679184467873
China,6.152645600859346,6.198766690321545,6.245042821723968,6.29183283870268,6.339594779323346,6.388885496191345,6.44023933889566,6.4941641508660215,6.551024574224768,6.611007921559085,6.674183991534535,6.740555690921823,6.809994074015988,6.882238665995577,6.956977938828617,7.033821302718868,7.112403256324004,7.192359026448924,7.273454219097347,7.355608297340959,7.438820965327969,7.522981498623795,7.607945193861732,7.693495952224657,7.77937836121942,7.865264711124141,7.950891792139796,8.036087811136573,8.120755955595639,8.204909312739872,8.288642203278366,8.372070745842505,8.455325717270956,8.53851257241993
Colombia,8.190650907899455,8.216923825745784,8.243098869254165,8.269022572135643,8.294529033905844,8.319473800467476,8.343735791520222,8.36717824347861,8.38965705145692,8.411007589810517,8.43115015991732,8.450126683339148,8.468103872670547,8.485323495700818,8.502028888198682,8.518400478047246,8.534547674615109,8.550495618873944,8.566218059431396,8.581667406399797,8.596787259430359,8.611518488628912,8.625814869041182,8.63961379609454,8.652830276084236,8.665354902440681,8.677077621928413,8.687932203218992,8.697928263618511,8.707180757841732,8.715877266339703,8.724204890118255,8.732342804508825,8.740417651526972
Comoros,7.417069605988045,7.432336696769131,7.447598292765555,7.462790711394233,7.477983661398515,7.493094409439619,7.507859665469135,7.5221887687714,7.536038126767242,7.549247676306289,7.561533716950729,7.572576161830325,7.582009721599469,7.589461979277118,7.594621801040115,7.597200616480867,7.5968098913017545,7.593094427578206,7.5858162956255235,7.574832015640866,7.56015988681689,7.54193840968354,7.520373997304328,7.495776954409449,7.468481059309735,7.438893193071557,7.407482153648961,7.374662487612204,7.340839542697091,7.306388656273892,7.2716136409306005,7.23672574378795,7.201793034525598,7.166826790965727
Congo..Dem..Rep.,7.338546917350426,7.309830350228011,7.280912003871323,7.251586967570744,7.221651139651734,7.191115988142132,7.1601868750896696,7.129152343501542,7.0981542175716275,7.067168401495908,7.036016723419203,7.004505462878024,6.972478364146734,6.9397722385869844,6.905884427296324,6.87020249689783,6.832013887016284,6.790584393382226,6.74533431707729,6.69587182189176,6.642023490288523,6.583838095752365,6.521962191575934,6.457566520703862,6.391875224708477,6.325790028662716,6.259990528579828,6.194868820097124,6.130644355291423,6.067482710894745,6.005584509684617,5.945016994883045,5.885542779129366,5.826693116197726
Congo..Republic.of,7.130370732839745,7.183886307739949,7.2373725766543044,7.290963145166651,7.344795850274254,7.398998877443111,7.453424731294197,7.507734060847208,7.561377705397517,7.61346047514071,7.662739540849753,7.707799000515353,7.747177430636552,7.779758598727097,7.804913216609437,7.822432276991539,7.832527873077909,7.835705875153698,7.8324853326121255,7.823294720735334,7.808462791688857,7.788220581644923,7.762979978579615,7.733107150558425,7.699132864996801,7.66138759083432,7.619900152178586,7.574741656654005,7.526166310857058,7.474775095907537,7.421961497870893,7.368735432266657,7.315450510355502,7.262158241241058
Costa.Rica,8.696520859181373,8.707329385358214,8.718000235270866,8.728263041864514,8.737797350116281,8.746274847766967,8.753398346309567,8.758899302800888,8.76254832523483,8.764295338834023,8.764332299599623,8.763114586647712,8.761311520834768,8.759685201130626,8.758855188490395,8.759278998946069,8.761348445685538,8.765359704823673,8.771521654035725,8.779953564426574,8.790689786989523,8.803697716795936,8.818859027232232,8.8359123431247,8.854534485089545,8.874411884432352,8.895265340923975,8.916857627329605,8.93894023381271,8.961250470213185,8.983559788230957,9.005803753363038,9.028031518422958,9.050278468538629
Cote.d.Ivoire,7.5771732696453,7.590098059111823,7.602971076021432,7.615787240639754,7.628550278920713,7.641181222381855,7.65339269191611,7.664878307986387,7.67540599455161,7.684768045490174,7.692943096775441,7.700112204131757,7.706306436685053,7.711387812116888,7.715325194548058,7.7180442369964375,7.719395516956866,7.719199722769171,7.717370443612257,7.713876949547257,7.708722572298677,7.7022591201951425,7.694975252329985,7.6873557380544995,7.679868959599255,7.672867145763769,7.66644822315134,7.660539177908741,7.65498522673111,7.649587298472047,7.644171497160669,7.638651838782281,7.6330400269103515,7.627385532694214
Cuba,7.84174822640943,7.895463421615989,7.949303194427252,8.00350719601334,8.058345277402005,8.114006223670083,8.170435555621573,8.227417269275074,8.284545856450952,8.341358611762585,8.397353313352182,8.451888980409597,8.503904403094293,8.552222095624913,8.59570642039151,8.633248482638562,8.663709882186776,8.68648220220099,8.7014624985498,8.709013184018659,8.709961575210858,8.705576433574269,8.697385825956546,8.687136824289613,8.676474458632184,8.666592857640055,8.658291930525284,8.651987633658937,8.647824372709872,8.64565543400436,8.645088388208983,8.645636438938526,8.646820016126359,8.648249036452393
Cyprus,8.529715651749465,8.5687405218186,8.607888069928995,8.64756011195299,8.688463937651825,8.731544148950908,8.777437048821781,8.82604847086091,8.876930308032023,8.929556124881751,8.983421775995556,9.03809163881588,9.093228298699007,9.148539305952186,9.203753621313133,9.258615960262638,9.312871415392937,9.366236236335554,9.41836540810583,9.468925472320661,9.51770610814176,9.564619672185271,9.609760999537587,9.653290755357567,9.695453083599704,9.736423903983566,9.776310312580197,9.81527420215726,9.853480529673119,9.891069497423981,9.928161414019556,9.96488810753005,10.00137617660778,10.037767951585868
Denmark,9.720903283060123,9.734323634186884,9.747714682798385,9.761030415540487,9.774272525720907,9.787531300317175,9.800900844481081,9.81438827408992,9.828030409863628,9.841877913665728,9.855996659822203,9.870503591086846,9.885508640856935,9.901019622638497,9.916973932776381,9.933246216079887,9.949701163125246,9.966243028024286,9.982876648177484,9.999662724147566,10.016704618481041,10.034107112201752,10.0519529598079,10.070284000377427,10.089097747782013,10.108283825616278,10.127708537146846,10.147237870571844,10.166747503388304,10.186149094948204,10.205386954740005,10.22443971933954,10.243356988309358,10.26221597577525
Dominica,8.313240898483905,8.310405452366556,8.30775188011647,8.305756358484365,8.30520139353469,8.307032541489168,8.312057330774513,8.32076659328234,8.333511263035081,8.350555528381886,8.372143063377154,8.398140862992294,8.427842051920234,8.460456544949562,8.495232569371158,8.53150773002716,8.568614802561257,8.60586194926621,8.642698201737234,8.678763323397472,8.713867147536392,8.747766040486566,8.78025573822617,8.811054958252631,8.840050796501433,8.867258274767053,8.89272378922013,8.916458770185242,8.938494597946306,8.958893382420703,8.977867037277292,8.99579206813259,9.013129075554692,9.030219052839236
Dominican.Republic,7.968707728458194,7.9990656076141144,8.029310265444346,8.059240459005983,8.088611401465599,8.117232250747223,8.145021372024589,8.171899257687334,8.197771856961083,8.222524843800702,8.245988648544612,8.267918136342983,8.288139246028786,8.306671088534335,8.32374627760784,8.339806531156391,8.355421704806217,8.371167576040643,8.387629366747337,8.40539591846036,8.425019399256454,8.446997073905798,8.471581658969502,8.498758029965725,8.528408145696952,8.560348102700877,8.5943262992393,8.629980337804604,8.666912251919028,8.70472033461339,8.743057548212265,8.78163468439521,8.820252771867384,8.858821707143704
Ecuador,8.008557401734619,8.06069789832693,8.112533393546506,8.163347139089371,8.212133924423567,8.257959289281644,8.300013960864455,8.337600482379214,8.370199393412783,8.39751502759754,8.419466649012483,8.436182392824222,8.44800413600459,8.45548333586261,8.459306245174723,8.460147540731398,8.458666754478605,8.455500746443493,8.45126963983368,8.446344240604143,8.44104900451659,8.435591720087617,8.4300808947264,8.424566029978378,8.419054324028735,8.413499772441257,8.407844258425866,8.40203907418508,8.396063291716864,8.389966067927723,8.38383154647194,8.37770794407074,8.37160820695005,8.365527787660977
Egypt,7.487971132421018,7.515706650891136,7.543585853981814,7.571847234993606,7.600845510480262,7.630844232614599,7.6619788327059375,7.694085894929222,7.72690115672697,7.760197021278214,7.793713475885921,7.8271794465013205,7.860471001421457,7.893505697601987,7.926215800145892,7.958565707875204,7.990537840852731,8.022116450938272,8.053289298405243,8.08407136089138,8.11446128253878,8.14447561609523,8.174162140312228,8.203608099866212,8.232913104670502,8.262130321393858,8.291248729755665,8.320180241585875,8.34890745931675,8.37740620575883,8.405668054314578,8.433728629534034,8.46165879529554,8.489534769081178
El.Salvador,8.270513187634432,8.27487884192022,8.27910893147444,8.282916375724461,8.285942668571872,8.287814071966611,8.28816964181551,8.28675266195868,8.283491138342335,8.278552336339374,8.272429066317654,8.26582751490768,8.259503920288811,8.254139597254332,8.250275580194447,8.248296356243957,8.248481309228975,8.25105473469296,8.256164603040741,8.263885883070266,8.27419923842432,8.28693872810591,8.301805157615975,8.31836383133371,8.33611094111685,8.354550568335034,8.37324416482621,8.391880740554493,8.410263561959498,8.428306695282297,8.44600012863858,8.463406185430438,8.480627514213564,8.49776998590378
Equatorial.Guinea,7.272923349928294,7.313845524223624,7.354336518066975,7.393458730142367,7.429703983248141,7.461252672491779,7.486079475427421,7.5025715472773475,7.509959462154035,7.508501869099944,7.499280218186852,7.483811461330373,7.46382772780695,7.441207663775288,7.418027665679853,7.396492597038931,7.378919173291339,7.367762605326844,7.3654450511766285,7.374161762213466,7.3960905713103,7.433239497235657,7.487575012648123,7.560873229116791,7.654965645087963,7.77115951867665,7.908730319599213,8.064873684841027,8.235498367919046,8.41687674747004,8.605706820178392,8.79909361768774,8.994574697002038,9.190476560425862
Ethiopia,6.205793761706435,6.203325218348535,6.20076996392901,6.198015513670605,6.19497118013036,6.191598651356697,6.187908554239063,6.183915087030841,6.179679790065785,6.17529120243056,6.170823904136656,6.166417147029192,6.162346188857021,6.159081662329521,6.157246944700318,6.157705348108307,6.16128724406037,6.168763447816966,6.180849408758799,6.197581195079058,6.21888674876136,6.244353701273764,6.273370945314712,6.304917712319722,6.338075102745519,6.372125842992291,6.40648120543343,6.440645690654442,6.474283029171375,6.507218622147749,6.539355635124712,6.570787405837228,6.601725570959467,6.632414657587325
Fiji,8.13725234302317,8.162108414815133,8.186749782890448,8.210804151639378,8.23380460898504,8.255458153540594,8.275570233440371,8.293989758706127,8.310603950760528,8.325316866547336,8.338058032474494,8.349042043189911,8.358647958109056,8.367311919171755,8.375496166916877,8.383479426222205,8.391530841282668,8.399980176268276,8.408950164925432,8.418375205525951,8.427859066672957,8.436738793835874,8.444657718920336,8.451555468493131,8.457493925065842,8.462529550945103,8.46673975441914,8.470212131546694,8.473168717567152,8.475834994468022,8.478425232592285,8.481090622534838,8.483855528382602,8.486656174440636
Finland,9.39926533837271,9.425599588695388,9.451876166366063,9.477948883639735,9.50365946655586,9.528909063091552,9.553722517176901,9.57817134515894,9.602262235092663,9.625926109484993,9.64897232469949,9.671177410211497,9.692358673521074,9.71236374013845,9.731084136857111,9.748447633293011,9.764429522061254,9.779041191037631,9.792328215189539,9.804412548994948,9.815586716892522,9.826427255648484,9.837715826407525,9.85019343593793,9.864405100060134,9.880592461313059,9.89875456880321,9.91871488861057,9.940125655581825,9.96258846592389,9.98574405349694,10.009276134794785,10.032983843512376,10.056741817463287
France,9.529290071099737,9.552873887772341,9.576385016490354,9.599714284819097,9.622748206643191,9.645427458594332,9.66773780216233,9.689623211748943,9.711031651272275,9.73191905711904,9.7522657116911855,9.77209620566713,9.791465082606784,9.810426805113234,9.82905299742945,9.847407716699683,9.865522200861513,9.883388683243306,9.900972922673144,9.918214932541177,9.935081683123851,9.951605413233697,9.967896321991843,9.984112915219116,10.00045051794019,10.017050450595491,10.034002368888835,10.051352150245666,10.069071545167233,10.087064603755643,10.105210816198893,10.123397498307797,10.141569966449744,10.159725180702836
Gabon,9.804885909869473,9.805066813946834,9.804678477229489,9.80266058517973,9.797859971447288,9.789208444866011,9.776038182519676,9.758033459357714,9.73610586038817,9.711739524266248,9.686117919195093,9.660116791840588,9.634557338308403,9.609996280094496,9.586818601778457,9.565255964104052,9.54546570359004,9.527561136065904,9.511508193172205,9.497071095109915,9.483795614758545,9.471030223674612,9.458104550355973,9.44439093366925,9.429273323053732,9.412198879208692,9.392843568663697,9.37112343592257,9.347209661174823,9.321453604356456,9.294385365199318,9.266521930746277,9.238277543374208,9.209922124098144
Gambia..The,6.832540330700854,6.835323533098298,6.838094935716055,6.840757736496991,6.843052968008922,6.844688110824086,6.845387117252698,6.8450674570052925,6.843790778692256,6.84180479384654,6.839349331014283,6.836488849272423,6.83316142030451,6.829203596940576,6.824572952067615,6.819332384382206,6.813566178368304,6.807327586492806,6.800736394016922,6.793938613330378,6.787135440463083,6.780602424708075,6.774687773381695,6.769767139660903,6.766257260568311,6.764576524659906,6.76502979225653,6.767635349999858,6.772170614817463,6.778166403063797,6.785039087400773,6.792335378476939,6.7997906783264055,6.8073352959075955
Germany,9.531239350557597,9.553044576590022,9.574806282122921,9.596459532971226,9.617958671354527,9.639321403773595,9.660559548866708,9.68160734502339,9.702389507308679,9.722845403827959,9.74295510036783,9.76279726655725,9.782525695333055,9.802307254789397,9.822248441085582,9.842397341654966,9.862754842831244,9.883266227857433,9.903835005953706,9.924303807727199,9.944481245971033,9.96416630909398,9.983210424799461,10.001566230203002,10.019279530376132,10.03640782816244,10.053027542897233,10.06922631202856,10.085075108915213,10.100625595996723,10.115917218062982,10.130985205245084,10.14589769887568,10.160743698548115
Ghana,7.075262637474726,7.070010743231153,7.064441578075492,7.058136586631953,7.051183075467208,7.04394098050274,7.036948260651123,7.030590471443055,7.025087261894039,7.020242765666722,7.015984171423248,7.0123930805842125,7.00960727553693,7.007808388465768,7.007339648417204,7.008397008681647,7.011117948680261,7.015423638436961,7.02120087192671,7.028285983138616,7.036550611159939,7.045917930564277,7.0563454138408925,7.067806600138376,7.080349742236159,7.094066922983766,7.109004588941665,7.125249036831914,7.142890112527441,7.161773559514851,7.181623983271672,7.202029624336485,7.222721265818527,7.243485784409742
Greece,9.117690396555615,9.142380224190793,9.166817652087657,9.19061277193292,9.213407677510126,9.23500019031605,9.255102460237458,9.2734185027328,9.289731066131278,9.303896426446679,9.315943543743606,9.326086283008436,9.334682203089798,9.342144424775888,9.348877468584735,9.355218928157694,9.361459493240078,9.367877351591137,9.374725565669072,9.38215173502297,9.39028035125984,9.39927681853856,9.40931325984477,9.420603009218281,9.433369846044206,9.447752949217495,9.463799448915523,9.481457857539821,9.500577589147962,9.520937418148652,9.542266332382031,9.564263959374175,9.58663814500424,9.60915673954847
Grenada,8.001853498053928,8.0180966123276,8.03436387529109,8.050690997632358,8.067110979111982,8.083645374373535,8.100310989046271,8.11712188786065,8.134079068826532,8.15118026141571,8.168536846190808,8.186213206653079,8.204281754435447,8.222623233265187,8.241042749470521,8.259333592655246,8.277453863421188,8.29566398652136,8.314541556677998,8.334438179914809,8.355540923670462,8.377921211939123,8.401620314750332,8.4266613311445,8.453108775880914,8.480965624122767,8.510122322196136,8.540401015575437,8.571537579591256,8.603215450081708,8.635179305187872,8.667226936818414,8.69927336405034,8.73129828388241
Guatemala,8.110374016996923,8.124366518161464,8.13822251092115,8.151659499237677,8.164382837712093,8.176109232183268,8.186555111236855,8.195434729899844,8.202443760574255,8.207334257679351,8.209935320624268,8.210249054491111,8.20852950722524,8.205214317361543,8.20083338347194,8.195946335189449,8.191085283217165,8.186716253897988,8.18321337429055,8.180816147862778,8.179667776132112,8.179844937032458,8.181376578314818,8.184237561854804,8.188312567962118,8.193433109779114,8.19939408686574,8.205984000002124,8.213008362278842,8.220266771496242,8.22759547263244,8.234902538892943,8.242172765597175,8.249429472613818
Guinea,7.781135163579634,7.78205791023805,7.782900159876634,7.783556798545618,7.783855114606346,7.78352654687308,7.782279557278054,7.779820141259022,7.776018130900108,7.770787268541672,7.764177719620431,7.756335769580076,7.7476025086135305,7.738452142970582,7.729524027031166,7.721460274613322,7.714777533464625,7.7098216663262304,7.7068304733984725,7.705945894945293,7.707342660464349,7.711208641527245,7.717699888619927,7.726886436927952,7.738771206545614,7.7532882955828315,7.770184197534268,7.789131282616048,7.8097529711231015,7.8316496617842475,7.854499876987228,7.878015903738612,7.901879595896804,7.925849301755238
Guinea.Bissau,6.525407408551031,6.520273732371161,6.515168466438518,6.510118662907959,6.504959788646608,6.499375920090198,6.4930337664814175,6.485939703682195,6.47831264644667,6.470555446296977,6.463072213064368,6.456304532764533,6.450099551471095,6.444300456102383,6.438744843577282,6.4332828471343,6.427878625283212,6.422523212474153,6.417270292517843,6.412190643357207,6.407319091392939,6.402809899778692,6.3989598851906475,6.39622754574558,6.394370615846298,6.392889937459822,6.391387730055981,6.389604356627815,6.387558588842189,6.385568289844781,6.383478792556038,6.380914905368237,6.37813392187689,6.375334017055648
Honduras,7.562480635024281,7.57963616742316,7.596689830868884,7.613592102379212,7.6303956247213804,7.64721596855179,7.663914935220935,7.68018770566979,7.695691336002904,7.710048937124828,7.722941268999418,7.734164948462648,7.743564495748101,7.751111927803359,7.756925402814316,7.761145099125597,7.7638686339163865,7.765196174837993,7.765214542286611,7.76403876914052,7.761808906822569,7.75875946932355,7.755142569338953,7.751170689298106,7.747086647268958,7.743139689475129,7.739416040121652,7.735900335404669,7.732562734326934,7.729420101695891,7.726545036140285,7.723885621046347,7.721358770555899,7.718877322217285
Hong.Kong,8.854593786679219,8.915734825855722,8.976869377164823,9.03800002129157,9.099168599670428,9.160527570246781,9.22214158004849,9.28383896805387,9.345305005237702,9.406214038273504,9.46630439411582,9.52535024549788,9.583203759752971,9.639805511573558,9.695086045680405,9.748910983871852,9.80110419757676,9.851330741303004,9.89916523049279,9.94423061762473,9.986253466760347,10.025001381798328,10.060273708522235,10.091936231941178,10.119969691808196,10.14450254964674,10.165837200977544,10.184413101208497,10.200778605165192,10.215613593178517,10.229460815327675,10.242676068281037,10.255572247887251,10.268366488778975
Hungary,8.70433460773928,8.742000110558557,8.779536381208791,8.816654025863453,8.853032506112864,8.888400587815818,8.922507963778038,8.955100180825365,8.98592357918813,9.014800796524097,9.041521665967517,9.065965354089991,9.088027546550624,9.107639418210617,9.12479684471628,9.139543343848569,9.152001596229669,9.162357325433945,9.170883671899025,9.178012361710953,9.184355064027221,9.190684359056101,9.197859421671781,9.206530150573647,9.217123962113106,9.229960416452958,9.245189523503143,9.262792850675872,9.282561535538136,9.304155535284691,9.327153133491533,9.351095674183721,9.375556298304584,9.4002012959504
Iceland,9.409348112995108,9.450394635248323,9.491210075069377,9.531583052765393,9.571239378680309,9.609915113504819,9.647443081331533,9.683616138052852,9.71810664734651,9.75061882545985,9.780923657862951,9.808871948815597,9.834433829322737,9.857707455163673,9.878880642860768,9.898084878564761,9.915415299130839,9.930935656448753,9.944756959941655,9.95718213786174,9.968640050413223,9.979629729327042,9.990695342943749,10.002372518866391,10.015054939677134,10.02896171337164,10.04417649393381,10.0605884541777,10.077960597925191,10.095994887610267,10.114412843507115,10.132984372636301,10.151588153643143,10.170214604552383
India,7.006915759612886,7.024812274048992,7.042819909486608,7.061185654464587,7.08018741706722,7.100097178709321,7.121052991931044,7.143122720664928,7.166305590024731,7.190574491224753,7.215942608069523,7.242342490981174,7.269686174632272,7.297875934451015,7.32679860345131,7.356305005306565,7.386243167122458,7.416484632567196,7.446930361995883,7.477539026838,7.508369230711729,7.5395813185201614,7.571435063887348,7.604170984547501,7.637970836546058,7.672922846870724,7.708992438063552,7.7460915470592555,7.784078330001535,7.8227358622905205,7.861811357805797,7.901146831378076,7.940629748773318,7.98016961896347
Indonesia,7.2434370668664485,7.285024348701335,7.326387988843406,7.367138020869537,7.4068752388535595,7.4453692296110185,7.482491385998316,7.518144832041479,7.552351929276328,7.585314519552522,7.617438269912287,7.6492496745037375,7.681335294571298,7.714253029694698,7.748309690420283,7.783645823934978,7.820323070353924,7.858200333094607,7.896955977842303,7.936098043693963,7.975060774066099,8.013275210480787,8.050180876540557,8.085300763299578,8.118296565933033,8.148994328318357,8.177379033677505,8.203600092201054,8.228039788447234,8.251280189494311,8.273807782251437,8.295949496569383,8.317936052391067,8.339882542908738
Iran,8.895040438724672,8.877622459436143,8.859629552620877,8.840259621871947,8.818748477241709,8.794634920048848,8.767682206813848,8.737824951466294,8.705629897503636,8.671955317621123,8.63788585324977,8.604705904912448,8.57360572622068,8.545323316955244,8.520342963748861,8.499070902395951,8.482012497162785,8.469819350516525,8.463013418871078,8.461846960649597,8.466195642217546,8.47550661431563,8.48904612205267,8.50598723215626,8.525602735786881,8.547263307716538,8.570559203947306,8.595131293216063,8.62066696538367,8.646858575054209,8.673464665150279,8.700297590890965,8.727253730265781,8.75423368949954
Iraq,7.6575562431371065,7.688412731971913,7.719131925829332,7.74947795371177,7.778787993243226,7.806194058776037,7.830554551942275,7.85047870344129,7.864866997067397,7.872797553403251,7.873928751874776,7.868747280303836,7.85837361106116,7.843299433860201,7.823513562735291,7.799250280317173,7.770864533895717,7.738650797449243,7.703161667827519,7.665640678337674,7.6280916400118715,7.593118730742951,7.563853965529301,7.541534053614113,7.526100384023573,7.517164584042198,7.514052867966511,7.515305910619871,7.519650567722331,7.525026470434732,7.529733494206735,7.532958045817623,7.534567056038953,7.535124401926396
Ireland,8.987121507958024,9.01204716354498,9.036894416868419,9.06150783751131,9.08573914997349,9.109499319605995,9.132740152212818,9.155397204875678,9.177376436073024,9.198645332126045,9.219329884991357,9.239739360554433,9.26030978621432,9.281603679511118,9.304233872708295,9.32876604531128,9.355716150490274,9.385538763515552,9.418559014724694,9.454963340479985,9.49481852050439,9.538127023083042,9.584923424603748,9.63520322605281,9.688864666124207,9.745635062320808,9.805069004139874,9.866632574931474,9.929742868541897,9.99386471287866,10.058522018842117,10.123382723391906,10.188279786091307,10.253165789242136
Israel,9.432498141631568,9.449025460340808,9.465337044426324,9.48112726553541,9.496125564877564,9.510221292065543,9.523472438850572,9.536115045030465,9.548432320686956,9.560642214538422,9.572961302268617,9.585632762138284,9.598837058903111,9.612759094542564,9.627576679680823,9.643476878369537,9.66056556924017,9.678830725298708,9.698173674334546,9.718529691492417,9.739832101982536,9.761904844030171,9.784505755848482,9.807364207520685,9.83019843176162,9.852703074977505,9.87460454344501,9.895713281378342,9.915952670543206,9.935328319568116,9.953910329488409,9.971806750443339,9.989264627623838,10.006552701452268
Italy,9.358888047278024,9.38690087551857,9.414911769406839,9.442873876893636,9.470685597008124,9.498268064370247,9.525611307969989,9.552630532894803,9.579246457844507,9.605360519186478,9.630866793681301,9.655717137745953,9.67994382131443,9.703607744364685,9.726749913223236,9.749357980081493,9.771377690512605,9.792729721874837,9.813317602658982,9.833048051775993,9.85187570243101,9.869825266342414,9.886991260864397,9.903524918266635,9.919604575909949,9.935356081610818,9.950862580215647,9.966193927816368,9.981390412974491,9.996472871222473,10.01144924713638,10.026318225855675,10.04110162457963,10.05584522213998
Jamaica,8.45093610184903,8.43579928172143,8.420514128799084,8.404871211715149,8.388842554529157,8.372606995702045,8.356497038655744,8.340916477435648,8.326324375273664,8.313228305116201,8.30219628962622,8.293764699274135,8.288273917397227,8.285911293019394,8.286712772595504,8.290679430930616,8.297701291361745,8.307426823282725,8.319245856590321,8.332493446599,8.34645102812551,8.36045197172966,8.373962677879176,8.386532415130853,8.397851977673431,8.407806814568529,8.416433514705014,8.42387783276,8.430335348259135,8.436005062632207,8.441137853766154,8.445947038542872,8.450584220955122,8.455159535307844
Japan,9.355108670558822,9.38440984754422,9.413660301864835,9.442763762825189,9.471672829888455,9.500483205493145,9.529288103768748,9.558143165492769,9.58706262689869,9.61602639992425,9.6450183338185,9.674069640743088,9.703223547909532,9.732514633658921,9.761943370788634,9.791421943698477,9.820760280481059,9.849705232932344,9.877928954823036,9.90503879347767,9.93066431370988,9.954509397602344,9.976407035351388,9.996333420819134,10.014365281093816,10.030625670658742,10.045254959375532,10.058411631664503,10.07031442676168,10.081244567670861,10.091478120284961,10.101246069287313,10.11076215859765,10.120196073556006
Jordan,8.246724414285769,8.252005850191189,8.257556706439125,8.263765522394957,8.27115537415414,8.280198377868576,8.291192062739288,8.303967096703603,8.318084043395611,8.332659791365213,8.346752346676842,8.359461380051947,8.370009466681012,8.377604215161353,8.381536419683274,8.381222341386811,8.376401629559112,8.367182723604868,8.354201499733783,8.338601440402359,8.32191249524188,8.305592242959992,8.290721933750557,8.277953469436534,8.267528717848815,8.259331966783513,8.253051714432502,8.24832386601099,8.244735008180356,8.241917006121875,8.239569554586197,8.23745426579151,8.235406834872613,8.233344491979873
Kenya,7.0532317269419185,7.058956465320024,7.064632629679763,7.0701978463984645,7.075664962451447,7.081013240819425,7.086317915422892,7.091636965149537,7.096917164712396,7.102048116598711,7.1069790148411585,7.111733225819564,7.116415008815601,7.1211503666198235,7.1260749558330545,7.131235580986857,7.136578504932002,7.141838833275262,7.146710537053569,7.150892690736794,7.154156145536799,7.15638229174438,7.157588183570414,7.157893144644195,7.157408205247216,7.156192153109272,7.154258898503427,7.151620244195274,7.148330413797707,7.144498997139437,7.140261990882766,7.135728002124503,7.131017413519328,7.126253075821933
Kiribati,7.966419571708735,7.937603448059895,7.908067735667624,7.876346713870207,7.84053870433013,7.798822185337512,7.750434254577743,7.695868279207959,7.636175854150354,7.572945009809493,7.508439868013596,7.445472244595336,7.385991324591668,7.331278687600605,7.2823000716291455,7.239546561058754,7.203306115081905,7.173616387647386,7.15032498259662,7.133015938373164,7.121416231221634,7.1151449168562095,7.113725471381346,7.116700285709381,7.123526400597672,7.13354328710789,7.1460912969161265,7.1605546541886325,7.176340366440316,7.192918820048024,7.20984505569565,7.226879137803514,7.243923868279357,7.260968988474705
Korea..Dem..Rep.,6.042175285932183,6.133698218043273,6.22516093839482,6.3164200465779015,6.4072655457727965,6.49741038254263,6.586460868132099,6.673916284181033,6.759188929850659,6.841636360823066,6.92060003712987,6.995420733819441,7.065436548090152,7.129957851568231,7.1882086269968015,7.239442955625848,7.283082762077391,7.3187400169367365,7.346204732155511,7.365550179364696,7.377135244012374,7.381599760346415,7.379863522073947,7.372941838880791,7.3620279970297995,7.348305845631827,7.332894054855551,7.316747284746568,7.300593000930647,7.284816521353477,7.269488875626279,7.254557786129058,7.239869951995222,7.22528019918721
Korea..Republic.of,7.864034323086991,7.923970235048198,7.983924634690436,8.043938657726619,8.103998890455495,8.164105329171534,8.224296595120988,8.284572337005988,8.344950371102028,8.405523402584466,8.466536622082184,8.52840568199852,8.591440717940422,8.65578251364555,8.72138987957596,8.7880937919214,8.855623030773595,8.92356428761076,8.991405435284241,9.058605201145815,9.124655822808055,9.189077563160676,9.251500566408678,9.311705161073249,9.369563321780143,9.425020225515148,9.47814485770672,9.529176747823145,9.578547604633714,9.626829702468216,9.67438112828737,9.721459728688975,9.768291298867283,9.815023754250037
Kuwait,11.087526080675648,11.001966136046208,10.916378845782225,10.830911646439953,10.746066149412203,10.662552741762806,10.581056896380655,10.502013336987254,10.425871863063422,10.353154675837244,10.284588493499642,10.221496393223912,10.165227445812686,10.116906068295632,10.077383811996937,10.047134657959084,10.02628492708463,10.014595127054731,10.011481655443243,10.016068507016131,10.02715756575004,10.04355802222356,10.063277041450418,10.084194213801444,10.10437746784772,10.122538342095094,10.137911088316718,10.150242817838837,10.159750023968078,10.166942426043356,10.172532581120949,10.177167119394262,10.181391417745754,10.185575844248389
Laos,6.879003610381658,6.874453416508972,6.869973240540096,6.865759257545084,6.8621883331301925,6.859746901010996,6.859033237532024,6.860712759281572,6.865363673730576,6.873422928799107,6.884965390540676,6.899825776439735,6.917610350493357,6.9378665217228015,6.960130209336583,6.983838842384232,7.008331696193768,7.033054617250288,7.057539072167715,7.08120573357321,7.1033888590926635,7.123625200055328,7.141636374830725,7.1572894535735205,7.170613219816632,7.181716088842011,7.190818766253626,7.1982473061310435,7.204478848830795,7.210162933480635,7.215705764198887,7.221368829291537,7.227216251510881,7.2331134335041245
Lesotho,6.582428856858712,6.625545083038782,6.668625800578043,6.711515393482117,6.753854757645403,6.795451495028134,6.836289926846789,6.876072206264707,6.914232255837425,6.950131097928668,6.983576516533898,7.014285145022393,7.042300508407974,7.067877912207198,7.0913887999492955,7.113272796283791,7.133903268931019,7.15361520712863,7.172843886395922,7.1921035679839385,7.211998320596214,7.233102593243843,7.255920251494318,7.280702308295558,7.30733031850304,7.335520229651564,7.364887710183559,7.394988140818636,7.425381880023515,7.455731660944843,7.485931881335836,7.516007376919987,7.546053656349166,7.576167490035689
Liberia,7.685205996592813,7.665807055752949,7.6461744985196685,7.625962270346413,7.604730323398734,7.5821259649143995,7.557798570465874,7.530895244887859,7.500248662059974,7.464390316049516,7.42177515711764,7.370905543539079,7.31031507636288,7.238763373654,7.155506430662545,7.060158122195453,6.953001074416081,6.835159625726415,6.708684313269713,6.576694963311455,6.443539845192347,6.314290329217789,6.193690962490847,6.086464295712544,5.996412106983274,5.925586873892815,5.873910371353682,5.83933805136389,5.818218098687157,5.806814430961779,5.801646429582155,5.7997497609425475,5.7990507361104555,5.79844603022555
Luxembourg,9.738286338350598,9.756942542526403,9.775578786438667,9.794149569680728,9.812667820791122,9.831329975513784,9.85055260411792,9.870730427550118,9.892235127758127,9.915401262677907,9.940561830949765,9.968054880630381,9.99817308863402,10.031076922999864,10.066742699735265,10.104952982105532,10.145357863105371,10.187448512662984,10.230685236502307,10.274477922110625,10.318276592557426,10.361677335269372,10.404416839860403,10.446450048447176,10.48784897461361,10.52876226573275,10.569376135959002,10.609805926621389,10.650037812419448,10.690005769362346,10.729637056709079,10.768906967271839,10.807925382661294,10.846838937992024
Macao,8.890739625852383,8.958668127851482,9.026505639102908,9.094050247899174,9.161013259328753,9.227043632296843,9.291756240023254,9.354761154808552,9.415697278670953,9.474275301036903,9.530304493594628,9.583705395614736,9.634491266795626,9.682748740765554,9.728613733618216,9.772220660682278,9.813705158453844,9.853075035559357,9.890192146935659,9.924936112861692,9.957233520741356,9.987047006175063,10.014427971792303,10.039413111977844,10.06212894488095,10.082804752364826,10.10177652860396,10.119515785088849,10.136587629571093,10.153569383889446,10.170894316224677,10.18871772996744,10.207005482405462,10.225536493569157
Madagascar,7.250767743985171,7.2266046542065014,7.202392188102762,7.178115238796091,7.153834076661411,7.129618282202769,7.105566287841569,7.081814699810486,7.058393724576825,7.035296740404164,7.012481387749445,6.990057188050398,6.96827541908622,6.947319095546958,6.927264983393287,6.908122966760653,6.889859201178321,6.872429810017139,6.855776809185753,6.839793139072868,6.824357483027162,6.809398172563564,6.794833824733627,6.780666446064421,6.766859324637363,6.753353122125599,6.7400241306728175,6.726705728566475,6.713230514537991,6.699488464792835,6.685473563180108,6.671176639807405,6.656656873270227,6.642110276895792
Malawi,6.263619754276979,6.2939149470569316,6.323937857472911,6.353292179428734,6.38160158988854,6.408511478557279,6.4337414384220635,6.457032780302793,6.478165514280585,6.496960536615161,6.513289303588613,6.5271937676934035,6.538836054389305,6.548441635881624,6.556262855102643,6.562605340326632,6.567815420640242,6.572356133063209,6.57679119823121,6.58169239904906,6.587496964585025,6.594509883900775,6.602880988986888,6.612601125506592,6.6231565633642235,6.633765985533654,6.6438605701268605,6.65308490534083,6.661219410683386,6.668231328875562,6.674229835122002,6.679463399787954,6.684325413086663,6.689082176177623
Malaysia,7.983946721299879,8.037493055728156,8.090710386704894,8.143260643697621,8.194833104499004,8.24521223680557,8.294272951871656,8.341859454532235,8.387886570548886,8.432327741792351,8.475198959902665,8.516601061582717,8.5567446784353,8.595943082093795,8.634585855812077,8.673126437023644,8.712094031728187,8.751950371766867,8.792979389807126,8.835266485213365,8.8787298205117,8.923169499852879,8.968295731813361,9.013746470710363,9.059149501647585,9.104149656073101,9.148446890455132,9.191834653894764,9.234279011339918,9.275913413965142,9.31687100081535,9.35732537572337,9.397512592893817,9.437614521043242
Maldives,6.4243350407147926,6.50748919772881,6.590683482581845,6.673961390243056,6.757340258656361,6.840810150797016,6.924337152085122,7.007839191084254,7.091162299910006,7.174064203857338,7.256275825122543,7.337472472572942,7.417417082160465,7.495955876088539,7.5726602699177255,7.646922963494224,7.718276473080045,7.786429504976218,7.851226497945009,7.9126026698860095,7.970543586570726,8.025065176715206,8.076357520884352,8.124745430129542,8.170625101540105,8.214406474361835,8.256474153990196,8.297160411781155,8.33680689551426,8.375728802850567,8.414257506757853,8.45257295168612,8.49086571116472,8.529204231807741
Mali,6.499594787851841,6.511230499641041,6.52288478642281,6.534664987222008,6.5467800999538,6.559236480593668,6.571897974751391,6.584554368883879,6.597018177305271,6.609178446989691,6.621035905098328,6.632768011545519,6.644768652603944,6.657444887165794,6.671018552072913,6.685603341788186,6.701209360090129,6.717613386351538,6.7347367469947725,6.75259483842356,6.771169372887043,6.79049453837287,6.810580226912864,6.8313946858071075,6.85293143259406,6.8752429451529045,6.898314405470045,6.921984705197881,6.946096172862874,6.970387780032248,6.994753007680234,7.019210498841755,7.043675553982676,7.068161294546991
Malta,8.055091525506693,8.151093879218857,8.246987503672676,8.342434343449767,8.436860818214464,8.529437887094542,8.619049322137478,8.704608184024767,8.785237688522528,8.860333774917889,8.929686147193205,8.993538286968095,9.05244938800228,9.10718177778922,9.158500023629182,9.207136537724528,9.253721255771902,9.298741864632785,9.342597196693813,9.385553544559883,9.427753123042395,9.469283935665883,9.510137641261727,9.55026279169199,9.589653064786987,9.628305337944619,9.666217284320561,9.70336871766868,9.739745996571997,9.7753659368809,9.810286508367726,9.844627344851263,9.878594736169484,9.912383432165582
Mauritania,7.178579724972562,7.179769798473873,7.180893431441535,7.181785104681502,7.1821395371204035,7.181481791184278,7.179349481372627,7.175394601646903,7.169594278201156,7.162287340312121,7.153967415577844,7.145318672229953,7.137010963104408,7.129815505928536,7.124299038434165,7.1208485444487195,7.119681242535611,7.120849493894827,7.124356349819267,7.130136937875168,7.1380613324023585,7.147995788524003,7.159762079353047,7.173130861798379,7.187681219524357,7.203027670087376,7.218807957616247,7.234736160759507,7.250586048727705,7.266207208735604,7.281476257801865,7.296364653714955,7.31095876298005,7.325401603898491
Mauritius,8.392965266551622,8.435878619972785,8.478679726187025,8.521178709032304,8.563030240570827,8.603888177212621,8.643395094567149,8.681356635015948,8.717825233917946,8.753124881842632,8.787793322687836,8.822514200749486,8.857862932713854,8.894251215225312,8.932005294322034,8.971271420203303,9.011986209365354,9.053924465441833,9.096772094760107,9.140247146177169,9.184091555046534,9.228098237747005,9.27209326475092,9.315944055032947,9.35956244299308,9.402891842712362,9.445869695089025,9.488493684409896,9.530812999814602,9.572865778546051,9.614702703467227,9.656320777883064,9.69773984895994,9.739083510144555
Mexico,8.573692188710165,8.600000441053423,8.626221124723505,8.652147214941284,8.677509100650711,8.70202656911988,8.725411460441478,8.747381682282015,8.767635577572735,8.785799624670355,8.80150617778163,8.8144963948984,8.824712553792384,8.832408152593649,8.83804979070294,8.84213451727214,8.845208349695593,8.847875374741472,8.850645421098136,8.853903249899224,8.8578671924874,8.862636880667662,8.86825717006832,8.874762769645912,8.882204068608694,8.890632411380812,8.900142023044568,8.910650652137322,8.92194473180453,8.933769363884393,8.945880709207714,8.95807334950701,8.97027067956656,8.98246068874399
Micronesia..Fed..Sts.,7.803625639261072,7.832796261102636,7.8618065167912405,7.8902427350568125,7.91731506379943,7.942423198132803,7.9653857445029965,7.986303379012736,8.00543444536333,8.02312666517789,8.039830552802806,8.056031712572489,8.071946432820956,8.087633342752188,8.102996494990368,8.117974890363111,8.13247441556869,8.146450794412157,8.159940947584841,8.172961706629428,8.185532110364422,8.197569197782125,8.20887311136482,8.219177557682942,8.22814440370973,8.235439372600046,8.241030673570618,8.24519923989506,8.248382349392417,8.250994463576605,8.253392851588337,8.255683891909767,8.257935296061824,8.260178282032113
Mongolia,6.959234479699699,6.991581839819151,7.023961993157329,7.056403436656631,7.088866799003191,7.121303165954154,7.153599337366093,7.185578954403805,7.216946657149215,7.247327821119251,7.276300893375218,7.303354489167208,7.327902177162653,7.34934627315663,7.367148717382756,7.380848590754542,7.390094382472003,7.394679677590087,7.394675414079036,7.390434988400522,7.382650706197025,7.37236221665964,7.360846909838326,7.349345110519952,7.33879083419369,7.3297253478563436,7.322344506772608,7.3166534348434364,7.312486196202335,7.309581452113253,7.307644146544884,7.306397459911663,7.305579815057044,7.3049389336159285
Morocco,7.741832016313681,7.7702174504776815,7.798585028352737,7.826905585683962,7.855132191430658,7.883170660138537,7.910839784300784,7.937874325625034,7.964039059237415,7.98910242938521,8.012915088168313,8.035431880664563,8.05666660175831,8.076598377243112,8.095278425145851,8.112724361510342,8.128907391168816,8.143754966136138,8.15729537707086,8.169498331124599,8.180417357379328,8.190157957941059,8.198871159632358,8.206856562639967,8.214379061148424,8.221590158848272,8.22872879202335,8.235870272399207,8.243145474382793,8.25059706229744,8.258283167485612,8.266208398834346,8.274285387139603,8.282428561432296
Mozambique,6.993606788580617,6.9947617940017714,6.995706410801118,6.9961351284922255,6.995694173087219,6.9940232143061225,6.990839241199046,6.985977305770019,6.9794556356717115,6.9714014843329934,6.962019196573616,6.95160844837119,6.940644767862393,6.929831369865763,6.920001830744669,6.911958237433834,6.906345675385107,6.903345961509811,6.9027212081709814,6.9040337836503864,6.906899119682855,6.911175744310576,6.9169969460201255,6.924705604001967,6.934593524434524,6.947006190350165,6.962411995020103,6.98089850362275,7.0022393207814995,7.026075629355438,7.052041792460214,7.079593752095985,7.10804946003573,7.136862989782096
Namibia,8.519271930449568,8.521337481953413,8.523515519956895,8.525925270764091,8.528625162869748,8.531540708447535,8.53448614811593,8.537256732295004,8.539573628847085,8.541258110682474,8.5422064254158645,8.542356186910661,8.541568712478096,8.539818830731704,8.537236808759847,8.534011428220651,8.530341843387006,8.526315435792203,8.522003663014845,8.51772261916927,8.513885165192786,8.510882201813015,8.508831344893416,8.507831291971677,8.50799285070127,8.509387233869997,8.512055285588255,8.516006387282376,8.521196509074962,8.527505001737508,8.534702003843035,8.54248990099852,8.550658101093557,8.558985954791474
Nepal,6.748499915787273,6.75643256432399,6.764450405072683,6.772643826109938,6.781135797123441,6.789991344767649,6.799261153964436,6.809028209931623,6.819367485097637,6.830365896190652,6.8422018770219335,6.8551267242804315,6.86921343438895,6.884481791763929,6.900957585917233,6.918547373569446,6.937137227778812,6.956633679678083,6.9769579091786795,6.997969268667317,7.019532263050244,7.0415551199338315,7.063927879882739,7.086574455282411,7.109381521172682,7.132202456850292,7.15491353996959,7.177426272203332,7.199691595211404,7.221702508025399,7.243444181365691,7.264924518418251,7.2861906177178914,7.307370917118188
Netherlands,9.639875215107276,9.654673635790175,9.669417852001981,9.68402752713432,9.698382943599244,9.712380571187776,9.725970305828193,9.739097268984134,9.7517558564454,9.764015534652629,9.77604094375438,9.788080910610748,9.80045719521459,9.813470970726662,9.827324709089408,9.842123412420866,9.857896549869894,9.874615434514725,9.892222046886095,9.91061581424411,9.92966277594694,9.949249403667155,9.969315518206662,9.989846550633228,10.010841199439515,10.032255790184319,10.054005823870868,10.075972047988545,10.098009161345088,10.119970466934188,10.1417457663626,10.16329189238243,10.184653966469465,10.205930581942097
Netherlands.Antilles,9.40532001527564,9.4189705653846,9.432593698366597,9.446125167123002,9.459455482317711,9.472551710138367,9.48536247693668,9.497662545186344,9.509076594682204,9.519153285308814,9.527523007201866,9.533926050039215,9.538376125136605,9.541144160537161,9.54268141583062,9.543569608015911,9.544445532019063,9.54590204530749,9.548262075542866,9.551621628952162,9.555830369073755,9.560624812725104,9.565665831278574,9.570540757126492,9.574821426789377,9.57815455326593,9.580367418839067,9.581438845138395,9.581457750054799,9.580610151681212,9.579144719790131,9.57732347448133,9.575330176397177,9.573284363477981
New.Zealand,9.611126259410682,9.620095510142049,9.628966638244242,9.637568847626229,9.645708856733489,9.653286641250418,9.6603836290778,9.667165674121424,9.673875394342362,9.680715941753805,9.687821481286703,9.69524203703812,9.702941749865163,9.710849782163814,9.718840458284644,9.726811692443862,9.734762351008357,9.742754029284805,9.750933557304712,9.759516160110064,9.768787461293307,9.77904113041342,9.790526334072036,9.803376244588318,9.817559334077792,9.832960290433336,9.849434729626513,9.866831766997892,9.88500476161574,9.903817430633996,9.923102927149422,9.942715550981434,9.962512877083144,9.98237359676678
Nicaragua,8.812241563689417,8.80247729428439,8.79246202503458,8.781770862684606,8.769871100778847,8.756135778327478,8.739928016766676,8.720804896096453,8.698606802272575,8.673462766024482,8.645821685153095,8.61600372856791,8.58415160742664,8.550320431249277,8.514497314069374,8.476847697567859,8.437793599840145,8.397912867292774,8.358021969885353,8.318994183237582,8.28171197797141,8.246907562880313,8.21527639140663,8.187253009001576,8.163053475662785,8.142649125186677,8.125780736645549,8.112063676166292,8.10104632548186,8.092173113460657,8.084841405785454,8.078436354542644,8.072487513064235,8.066708382585311
Niger,6.9290343570590345,6.937443826743592,6.946051925117726,6.955156146240556,6.9650473647081315,6.975608368918313,6.986133931894455,6.995843815721825,7.00406414111247,7.010066398259199,7.013155092235987,7.012777582528568,7.008623945431375,7.000759156687708,6.989535105740183,6.975592689344427,6.959441249066566,6.941506641583866,6.922330913241473,6.902372974669117,6.882025034453431,6.86164671312635,6.841655614843769,6.822452200076184,6.804369426600906,6.787608514909891,6.7722477894615425,6.758234447515318,6.745314537890876,6.733153452932506,6.7215137676479175,6.710288473848023,6.699301495474782,6.688411536020107
Nigeria,7.0499484329436735,7.047565835838869,7.044904450318147,7.0415436953120425,7.03699444649116,7.030742147910074,7.022527671522513,7.0122170772842685,6.9999007412032945,6.986099718238415,6.971691272440793,6.957522633424181,6.944249035129797,6.93249883594961,6.922840190999904,6.915666485246222,6.911060465352722,6.908965286773425,6.909182955089706,6.911291111190095,6.9148096159609045,6.919281094108552,6.924376708132131,6.9299312676228455,6.935934632992947,6.942513992074126,6.949874554545354,6.957996388389005,6.966868230519924,6.976463690030645,6.986707301821946,6.997487692250018,7.008674420587747,7.020084329636365
Norway,9.51334114608754,9.548622627003073,9.5838448027656291,9.618919397979855,9.653716071533253,9.688075989322362,9.721822634431605,9.754790849581594,9.786876418502317,9.818046119358371,9.84829236575847,9.877652063344096,9.90623952332181,9.934186815230012,9.96158318718053,9.988458850119205,10.014849372214671,10.040846718467998,10.066634688652078,10.092450625537055,10.118510188014858,10.144967789769145,10.171895206942798,10.199288431163387,10.22706702602302,10.255062787496264,10.283073704674337,10.31089045947088,10.338350100148,10.365391426769841,10.392037062139496,10.418357684719297,10.444461509126757,10.470475379269475
Oman,9.025572255129731,9.048316835885803,9.071470375670366,9.095455707932702,9.120676542884304,9.147047701610587,9.174096621658283,9.201312775467493,9.228558736742176,9.255973037846932,9.283748318187165,9.312029169671879,9.340644051168784,9.369291996702062,9.397592796136152,9.425156917392947,9.451705052165329,9.477183421539944,9.50166720026019,9.525181540600476,9.547755836717396,9.56932847012092,9.589807248479248,9.60909641663903,9.627140867011414,9.643956113539522,9.659582600957291,9.674105219585552,9.68766258398887,9.700465935084713,9.712738950001583,9.724633268092312,9.73624954525581,9.74773957966221
Pakistan,7.07973109091146,7.107097500839798,7.134560754374025,7.16226224360328,7.1904179747517025,7.219249181192652,7.24890330975868,7.27947482369298,7.310954476103984,7.343276069767621,7.376236862637848,7.40956628309868,7.442982877842011,7.476178348036517,7.508837506052666,7.540635109245987,7.571266189090532,7.600436116274451,7.627889539904495,7.653462973979361,7.677104233764187,7.698825508911531,7.718683513207648,7.736790230527064,7.753289012701999,7.768328273590177,7.782091484743656,7.794825678025288,7.80676297591228,7.818111861696085,7.829058493811115,7.839789751394784,7.8504570057144365,7.8611218833434
Panama,8.223744013313558,8.258920044809322,8.294165918464389,8.329613190365171,8.365331601140273,8.401395127349526,8.437722485471838,8.474109586915441,8.510185105665677,8.545492150820486,8.579493460424152,8.611520764299534,8.641105011992405,8.668036353325567,8.692344409486271,8.714185388703518,8.733801478138291,8.751582248499968,8.768045761369414,8.7837927687657391,8.799235326354456,8.81460685097314,8.829951527651769,8.845344172260079,8.860898123264965,8.876754484177281,8.893021072270898,8.909722349903133,8.926757329208412,8.943972572005414,8.961262777017529,8.978575087618285,8.995901023367205,9.01323666711038
Papua.New.Guinea,7.771554022800276,7.816813619588608,7.861763119457347,7.905845356786921,7.948500892311779,7.989141461636161,8.026954421202976,8.060774541129263,8.090094684246726,8.114782240242182,8.135110584690693,8.151675991477017,8.165219716719044,8.176538893331607,8.186332527162644,8.195233417822749,8.203733290305106,8.212325078444907,8.221528499935518,8.231857142921426,8.24368143883868,8.257202569810168,8.272227362388048,8.288261004761138,8.304559756430786,8.32067157712238,8.336436669592405,8.351781028009704,8.366701072553358,8.381139490716398,8.395056086366766,8.408640421461056,8.422041874454795,8.435380131566166
Paraguay,7.992959881575185,8.034968288830157,8.076998558164748,8.119041698101352,8.161024452160357,8.202731645645812,8.243800457829435,8.283755969947856,8.321982547832414,8.35782414425315,8.390670479020994,8.420058750852437,8.445768135894474,8.467868522481192,8.486631184441192,8.502390545151227,8.515491885573274,8.526289255812719,8.535032380070582,8.541871638450322,8.54692744592607,8.550340497330785,8.552232106704027,8.552689155816477,8.551764010074182,8.549510213587801,8.545972791043171,8.541244511600716,8.535457153065794,8.528803309093435,8.52148857430051,8.513718052989327,8.505668757767118,8.497523748142758
Peru,8.503606232556324,8.504436287921557,8.505107619526449,8.505341722987371,8.504744422971074,8.502884415693472,8.499422056147422,8.494154128084489,8.487011182888232,8.478037672657248,8.467243241273142,8.45462124238962,8.440274815944095,8.424488988496272,8.407734441632005,8.390349968443832,8.372593106069202,8.354682896900496,8.337052498928859,8.320558355782914,8.306237079230632,8.29491481702728,8.287069628334857,8.282850700529723,8.282031089243153,8.284073496099268,8.28835994578208,8.29432690859901,8.301474273264548,8.309459374920635,8.318018038588903,8.326941056751316,8.336083953679399,8.34530901523063
Philippines,7.849526276492607,7.872939680095201,7.896215429721467,7.9190865628219855,7.941195708718719,7.962205857720774,7.981720810857453,7.999341012262917,8.014764079572457,8.02781485980801,8.03842701414905,8.046604572367919,8.052504599601255,8.056483111405916,8.059028693668965,8.060766417327672,8.062351717498379,8.064243237855639,8.066782891192485,8.070144934118726,8.0744235941086,8.079687475304745,8.086003244457187,8.093405812846392,8.101866714212774,8.111266887991249,8.121479075866876,8.13233230117404,8.143636001994699,8.15528065524041,8.167064728011264,8.178769368504252,8.190381749651854,8.20194434905546
Poland,8.418849787172393,8.453864039986495,8.488501909086144,8.522079442279432,8.553737777133406,8.582601349815931,8.607867190049996,8.628948842903908,8.645610613721546,8.658046056496637,8.666882222076929,8.673081093010833,8.677782875132479,8.682045017095124,8.686581986826907,8.691850275655705,8.698138885648888,8.705688120772075,8.71476552330346,8.725689214872087,8.738876268360952,8.754797046444677,8.773780378725867,8.795929285110107,8.821121759888754,8.84904955997168,8.879255521753816,8.911218704108126,8.944417671627368,8.978402754107591,9.01282153071078,9.047437047989948,9.08213228931453,9.11685742924759
Portugal,8.921429097949082,8.949218695577882,8.97683453843582,9.004026238885514,9.030569943884784,9.056451864050313,9.081840973542548,9.106835796749655,9.131532630438993,9.156080300414919,9.180625714919776,9.205339210336472,9.230454579314985,9.256244330502572,9.28300056502829,9.310941375675059,9.340074433241599,9.370189147534907,9.400925666444357,9.431851481239999,9.462573610593061,9.492784047119091,9.522316852362033,9.551147438341856,9.579340258270728,9.606949427522322,9.634028431607405,9.660598881327445,9.686662131803553,9.712215885595914,9.737286526173303,9.761946743770247,9.78632550845331,9.810578769714983
Puerto.Rico,9.049918124918824,9.070858192237658,9.091767933305725,9.112661744998867,9.13369027961931,9.155098183553328,9.176973899837611,9.199253846025904,9.221903408377758,9.244978091153154,9.268719649236129,9.29346972492087,9.319598190545006,9.347370187914645,9.376818367454554,9.407839815125087,9.440151909662946,9.473407435847545,9.507214620116873,9.541205256478685,9.575102026673527,9.608759427742653,9.642153564686078,9.675348316896061,9.708447559393656,9.741591705213716,9.774956204280498,9.808628141047578,9.842577123075309,9.876727282282177,9.910969938242577,9.945178910664447,9.979356307735662,10.013522939595848
Qatar,11.318101913290075,11.27437032397221,11.230120293298365,11.184620100952625,11.137061881811853,11.086866489329278,11.033979141067654,10.978424439381927,10.920354191208595,10.859994564769432,10.79779845245147,10.734514621746417,10.671063167541021,10.608559410259284,10.548197458303134,10.491102845288296,10.438321862524294,10.390658175146076,10.348711105049759,10.312830667669326,10.28317640615065,10.25984635989915,10.242895723241471,10.232241128273682,10.227835469624562,10.229545923876195,10.237049991518369,10.24972020374877,10.266491754455775,10.28622901239336,10.307978639563007,10.331014399940534,10.354794119885995,10.378867539439609
Romania,7.882173304461766,7.959155101902624,8.03586291720483,8.111821963580795,8.18638080474659,8.25894283700869,8.328657188659061,8.39446105521286,8.4553545592676,8.510372485395566,8.55877930583874,8.600050370412928,8.633852204210386,8.660026717953704,8.678561630852661,8.689632031902839,8.693696144684512,8.691449515910826,8.683856993946435,8.672171054884425,8.65791130273982,8.64267012355476,8.627987756644826,8.615047146968793,8.60449687707212,8.596522586956581,8.590990042957605,8.58768220122572,8.586444214151687,8.587082027582305,8.589299893221044,8.592699582964302,8.596805989193223,8.60118209887566
Rwanda,6.910494509296634,6.92724083310719,6.944117965682228,6.9612646431317255,6.978712549199566,6.996406658173046,7.014077302595791,7.031038383734758,7.046551141668529,7.059749510365758,7.069763933328774,7.075894325858496,7.077603512980002,7.074664328438137,7.067061385116258,7.0551003546683715,7.039125568563991,7.019599848985259,6.997230607433806,6.972959066475474,6.947935397656233,6.923638932623979,6.901462618585952,6.8828006825035395,6.869160690742188,6.86185287679564,6.860657706607814,6.865036894584441,6.874382609304551,6.8878134350623546,6.90438509472587,6.923140603761017,6.943176173807209,6.9637223954447
Samoa,7.883551626300125,7.897959118158505,7.912300318259978,7.926428583599738,7.940106327844505,7.953026983370699,7.964848884968816,7.97522308953346,7.983835802554632,7.990432577169563,7.99485999436273,7.9970395316968395,7.997138711271119,7.995285110754537,7.991650915682594,7.986365349614717,7.979528467012741,7.971343929706886,7.962200011727592,7.952623237209998,7.943317585241533,7.935239070305966,7.929296275510839,7.926272578856187,7.926718545363653,7.9310013499513765,7.939060495934406,7.950553842712957,7.96502175956008,7.981898498114806,8.000594027284375,8.020465598314155,8.040943306439555,8.061637207134138
Sao.Tome.and.Principe,6.96568532405264,7.002002706682583,7.038117103149367,7.073774575756849,7.108617382528884,7.141975953242199,7.172955380139169,7.2005302460941785,7.223487413436844,7.241046334051662,7.252837873305265,7.259306847737698,7.261513305114163,7.260528333637803,7.257446030698438,7.253171162681387,7.2482205347695245,7.242932248005008,7.2373764121854345,7.231383891394835,7.2248540884305505,7.217867412428671,7.210683324369711,7.203692917653638,7.19726487221249,7.191682528185769,7.18715934927306,7.183796179971457,7.181510890445851,7.1802177537987815,7.179796043768009,7.179987498513742,7.180510016651421,7.1811611592575355
Saudi.Arabia,10.00814719040908,10.04187984085365,10.074625600406792,10.104719769888066,10.130186015909846,10.149257883456842,10.160787274631778,10.164065908509995,10.15887927813472,10.145397591145723,10.124049205976752,10.09575000404711,10.061957494338246,10.02471849339509,9.986206914428855,9.948288993319244,9.912393662889631,9.879487252607486,9.850146001790398,9.824470695936318,9.802225395952831,9.782821247854953,9.765577337818167,9.749929101598847,9.735485764560034,9.72192761374198,9.709006931602964,9.696511254293583,9.684307977045554,9.672340097514056,9.66061099967921,9.649073035994725,9.637700636515637,9.626464520859825
Senegal,7.281279537492332,7.280833423326711,7.280460591326436,7.280242574025489,7.280273791796869,7.280490375004366,7.280716237886949,7.280770089626289,7.280666710804627,7.280443837715828,7.280097343160366,7.279671280205737,7.279145020395581,7.2783193732314295,7.277110540440535,7.275543396754839,7.273544626397687,7.2710802088824495,7.268145819471777,7.264800323870611,7.261248570651251,7.257743469696799,7.254567953827342,7.2519928486420024,7.2502370605275885,7.249370467905725,7.249363153106715,7.250044498039247,7.25113474023946,7.252365350735357,7.253470875925901,7.25432466563743,7.255065646034109,7.255789479718908
Sierra.Leone,7.199564799918181,7.202104752542881,7.204620501873322,7.207083953156208,7.209391705627117,7.211383019184447,7.212914950515967,7.213874387011699,7.214059513009016,7.213163686189694,7.210752821013277,7.2063507286855275,7.199460392247187,7.189600612791117,7.176396517791847,7.159499860685001,7.138596115711054,7.113595810087557,7.08454068418764,7.051748575661148,7.015665354613666,6.976826212526937,6.935905768778029,6.893584181308724,6.85032056044359,6.8063720618448444,6.761891553835647,6.717147054244621,6.6726741982444,6.628932562393452,6.586153643667715,6.544238770517235,6.502942794162473,6.461914910839524
Singapore,8.884951294509339,8.939431750158949,8.993777490532791,9.047793569769144,9.101282935253675,9.15414542371752,9.206404025554894,9.258054709411326,9.3090635987115,9.359321384649768,9.408700519484984,9.457145795957315,9.50476228823846,9.551719011549244,9.598184370085765,9.64438597380257,9.690626481481562,9.737068591998735,9.78363745941404,9.830099810276602,9.876121071649843,9.921306443304696,9.965262713814653,10.007579152644507,10.047805100270514,10.085589137845952,10.120726542414024,10.153195829582076,10.183158445220952,10.211019887845021,10.237185684164189,10.262087250978418,10.286287785796203,10.310222155923338
Solomon.Islands,7.549782557439665,7.571664552198274,7.593667605005183,7.615814194537375,7.637779347142691,7.658996124570256,7.678982513080441,7.697024320924325,7.712386558060651,7.724464792192703,7.732910213506225,7.737987415854031,7.740306149655403,7.740799564969623,7.7405341289515155,7.740313064679178,7.740760483221268,7.74230556950362,7.745072342237328,7.748895408381297,7.753171119515217,7.757114428909756,7.759784766732281,7.760111382866634,7.757193784136608,7.750321351756936,7.738968951966734,7.722965418941716,7.7025194391683955,7.678145563232154,7.65067682543745,7.621233426797142,7.590826818098107,7.560132172109646
Somalia,7.311505755780089,7.291321788715835,7.270922054694411,7.2499369087554095,7.228292530452959,7.205872956089154,7.18272167266935,7.158964631739968,7.134474683368845,7.109166618023252,7.083305755630471,7.0572264125465125,7.031144777792851,7.005157633092345,6.97951359604172,6.954467336711865,6.930075011745195,6.905951737196812,6.881606465211452,6.856535252622654,6.8303831868043074,6.802920451827408,6.774094553206081,6.744150236217498,6.71352076099021,6.682919120041352,6.652821913797675,6.623500925172991,6.595126760939309,6.56770603364223,6.541133270630176,6.515199011725227,6.489652192010796,6.464258952764195
South.Africa,8.77568984691075,8.78857274965317,8.801428139867046,8.814198737693665,8.826841445898786,8.83930487317301,8.851445941269485,8.863092879166777,8.874073784612897,8.884241906652914,8.89342903536093,8.901467787647297,8.908268404205295,8.913782986466762,8.918028873073235,8.921141763307554,8.92335457020965,8.924953278149326,8.926197813637128,8.927328309763578,8.928590248641932,8.930278902828393,8.932748087199608,8.936353254609676,8.941349696265547,8.947885382617766,8.95599775024946,8.965605691774,8.976559800358023,8.988660006292365,9.001636301208215,9.015188511269761,9.029050028754723,9.043020192859764
Spain,9.206547103829406,9.228565346036248,9.250418953851748,9.27180213214422,9.292395942673654,9.311985147306933,9.330524737248151,9.348076818839306,9.364825114503425,9.38105581828957,9.397116028496082,9.413360272648648,9.430145063741008,9.447765415322113,9.466429736959297,9.486247279554451,9.507214021195919,9.529210851869843,9.55202205794126,9.57540575328861,9.599151758116077,9.623132327688802,9.647326534708263,9.671814491653645,9.696731459019123,9.722169931554642,9.748168416369325,9.774709192923595,9.801706217342742,9.829026999190267,9.856527838500316,9.884088666512007,9.911648179114744,9.939197440539322
Sri.Lanka,7.127183217652019,7.166217261321142,7.205242820390945,7.244231993925918,7.283187820668239,7.322195829969882,7.361411092130718,7.400976893108463,7.440948067428504,7.4812356133829105,7.521692001990768,7.562116050372659,7.602315143490744,7.642180446241574,7.681719057629734,7.7209221829906065,7.759713369067932,7.7981293526171385,7.836309066928238,7.874395773940977,7.9124821906633755,7.950560901115588,7.988647030938612,8.026665671955879,8.064516317084639,8.102084491056035,8.139235148951965,8.17587194092627,8.211948797236985,8.24748419197664,8.282533918439698,8.317209752956842,8.351681236473594,8.38608836047759
St..Kitts...Nevis,8.217395809960522,8.251606128917999,8.28589083392827,8.320264883944033,8.354881426189596,8.390058766195617,8.42615016843048,8.463552209151196,8.502563454136482,8.543221756593809,8.58551435195432,8.629324570073473,8.674364232255803,8.720508642950735,8.767660054882068,8.815633996847396,8.864284430413248,8.913572951747675,8.963554225034237,9.01437540208124,9.0659893422566,9.118154328343037,9.170527700141337,9.222742957730805,9.274421987862718,9.325151393717324,9.374655608797749,9.422716609672525,9.469207385462814,9.514161111915918,9.557716629626416,9.600256940335955,9.642207048592423,9.683927782401312
St..Lucia,7.981824197323856,8.006757830340678,8.031653153331156,8.056644831104107,8.082069593962608,8.108377962087703,8.136090426724348,8.165728350645479,8.19755260217385,8.231849868109586,8.26869481453929,8.308147691473886,8.350044425504935,8.393926633598248,8.439055064196456,8.484532291390853,8.529371699951323,8.572543771744336,8.613203439756832,8.65061768051953,8.684272495142334,8.713898582054576,8.739445986933491,8.760994255156556,8.778839324959643,8.793460662575862,8.805331837899258,8.814956006931743,8.822795154022694,8.82919129853296,8.834507897797629,8.839134497804801,8.843450365338635,8.8476781650105
St.Vincent...Grenadines,7.810343303372415,7.828934874551475,7.84759714755523,7.866500883450971,7.886407719165389,7.908295776784712,7.933048582498111,7.961168421490677,7.992816852636958,8.027819522072697,8.066039562114373,8.107237530775953,8.150888005994851,8.196472736376826,8.243518761004875,8.291627110461425,8.340493500690123,8.389776225884829,8.439108002840305,8.488012537747808,8.535953079902471,8.582363636285098,8.626896492647587,8.669226758267591,8.709241397295319,8.747101326191734,8.783052818281272,8.817479949179686,8.850863754642026,8.883576041938944,8.915784267246455,8.947567341466828,8.97907796598461,9.010450362957926
Sudan,6.953877481146764,6.9586315412697015,6.963230571623804,6.967411244467653,6.970806514592883,6.973144279894312,6.974186348047704,6.973729598815436,6.971786785283634,6.968610333204762,6.964614835695807,6.960287173346619,6.956089144640395,6.952505807221733,6.950059848322699,6.949120277956338,6.949795270136005,6.952004495191198,6.955555089632073,6.960224078718759,6.965733876502824,6.971748494360621,6.97790470370443,6.9838886993589915,6.98945696393388,6.994442346549538,6.998758574778371,7.0024363574083175,7.00564201022352,7.00874131601353,7.012101484023021,7.015785177543405,7.019710719541533,7.02375224303236
Suriname,8.219835102473327,8.244939748746164,8.27005365791821,8.295184808526038,8.32021617520259,8.344796374568789,8.368303029626434,8.389991768915063,8.409097184598957,8.425022383584619,8.437441991468532,8.446266250726111,8.451421920387872,8.453016249571952,8.451257623977176,8.446470736354504,8.43903247872008,8.42964753829317,8.419178838888412,8.408361397499341,8.398155006776792,8.389719462777474,8.384346504824173,8.383579381954927,8.389073342705528,8.402096654432183,8.423003755329495,8.451012850589974,8.484927559836827,8.523423497093198,8.565170441041719,8.60938126390774,8.655022460803698,8.701335981220444
Swaziland,8.027468883333212,8.087821004139377,8.14791419331894,8.207167692056785,8.264796425758961,8.320066862609051,8.372404223788987,8.421450891923815,8.466975885045576,8.508901107588118,8.547338367156627,8.582644486715324,8.615347836446135,8.64603503196515,8.675246539139893,8.703362409796906,8.730601332740727,8.756943550001779,8.782261621189479,8.806467771584794,8.829516264567149,8.851492306741934,8.87267804705422,8.893441930721501,8.914123952978303,8.934991295137516,8.956245803764627,8.978023763387606,9.000383688781929,9.02328164953847,9.046539458436582,9.069984178945877,9.093451083073802,9.116869740464065
Sweden,9.66283548002057,9.677490236250454,9.692139169635443,9.70673414007735,9.721197962330242,9.735453921178348,9.749463573799368,9.763259886543135,9.776949325044221,9.790622090421891,9.804328471712118,9.818129890491555,9.832095999227302,9.846240882489258,9.860511647879312,9.87477413552225,9.888877073961199,9.9026815453374315,9.91608727871391,9.929077826795721,9.94174234550074,9.95430455202993,9.967097922464482,9.980480013550027,9.994757031650794,10.010070797760806,10.026447717856053,10.04384541438593,10.062136106385102,10.081111875839063,10.100528581065772,10.120171211503548,10.139913083122432,10.15968358907879
Switzerland,9.972165038555142,9.97991254497412,9.987619977793791,9.995276688707344,10.002954276338674,10.010851790226466,10.019293600072215,10.02847375832424,10.038423520720388,10.04906182467597,10.060222310272493,10.07171219941955,10.083407150360344,10.095241711622016,10.10713272495175,10.118954786511143,10.13056940274539,10.14185131530486,10.152689729221931,10.162972604733453,10.172611303581407,10.181592376768826,10.19002091348742,10.19805506066968,10.20586383173016,10.213589808834524,10.221353148691513,10.229233724786907,10.237247366044265,10.24535454175681,10.253509016144292,10.26164871722716,10.26975083844048,10.277827989416977
Syria,7.105813612968693,7.1511542377087025,7.1961586144523615,7.240204887328261,7.2827559964554665,7.323060021641727,7.360361437227774,7.394128931526475,7.4240783252723945,7.4497458578924105,7.470738133467911,7.486765151574188,7.497734587474017,7.503917050334996,7.505958482875365,7.504825971384927,7.501656709058254,7.497655499335004,7.493903460210816,7.49126354923166,7.490644961306552,7.492568659363989,7.497142789737192,7.504206679807837,7.513433353839333,7.524370328552573,7.536457918571413,7.549119794670088,7.561908793489027,7.574555052213943,7.587030524012354,7.599364756643618,7.611623087334627,7.623843878130176
Taiwan,8.005078012727711,8.072815617480027,8.140447601278902,8.20784256526772,8.274940153737278,8.341835784571922,8.408588609464033,8.475132677205725,8.541382235750442,8.607257966549568,8.672792304195886,8.738107761378286,8.803370477520346,8.86873382261835,8.934224228642437,8.999743937110736,9.06512517594029,9.130060442319362,9.194188395487968,9.257199826269279,9.318835287301727,9.37889865305724,9.437224540979093,9.493681466647818,9.548179841042439,9.600678328975722,9.651200263519222,9.699835858864637,9.746746357877818,9.792171893855354,9.836397698812672,9.879758906967567,9.922654228731462,9.9653804830233
Tanzania,6.378564464511922,6.371449373751268,6.364278722987977,6.356881957762657,6.3490897700938485,6.340715452733146,6.33153938860601,6.321399607215689,6.3103009913243024,6.298359192721937,6.285780188551949,6.272893273446693,6.260179587505263,6.248235136960954,6.237726088211523,6.229295830965663,6.223579334218412,6.221185765458924,6.222680639998891,6.228591320452579,6.239403894643437,6.255536880201444,6.277338104593234,6.305127664414992,6.339063147741928,6.379039504095464,6.4245092459424225,6.474435942751331,6.527214498404769,6.581679839295579,6.6370629541316095,6.692911252149653,6.748942549615865,6.8050002688568885
Thailand,7.437687663561313,7.484354338276316,7.531092458830946,7.5780667606317955,7.62539844427011,7.6731888185661115,7.721468749585689,7.770172239897182,7.819207368846279,7.868524111463378,7.918231690273465,7.968463483449127,8.019348137136062,8.071039204574987,8.123703061894304,8.17738299879593,8.231995098277956,8.287335724060473,8.343018687185898,8.398461567492122,8.452928364024595,8.505613871463188,8.555794605276624,8.60287197864226,8.646424190760566,8.686238227343043,8.722368104898827,8.755169448605294,8.785295659040921,8.813564001266188,8.840642840049295,8.867070057937976,8.893220647759453,8.919303484949156
Togo,7.255433041325906,7.238262973643955,7.220882696096023,7.203053463940596,7.184599944024777,7.165240073411451,7.144686933144348,7.1226309877987,7.098866867655193,7.073291380533625,7.04599780180704,7.017418394905701,6.988322141048901,6.9594515244312785,6.931508843626896,6.905010091897387,6.880484141083583,6.85829227631809,6.838514832749474,6.821006872572008,6.80553936229534,6.791892043984035,6.779855346697649,6.769219595357043,6.75961701514452,6.750514825542157,6.741442125609366,6.732053308314283,6.722095165066625,6.711417492720776,6.700097826554134,6.688352998754591,6.676432493013909,6.664526067640543
Tonga,6.8038073162497525,6.852641590977874,6.901838004030016,6.95200653714934,7.003908234024588,7.058141592216231,7.115231961572442,7.175565162977332,7.239411990822163,7.306831400055436,7.377419373019844,7.4501264315364315,7.523266792453524,7.595210608402454,7.664568264950628,7.729957991770258,7.790384825380447,7.845215424123299,7.894180608377696,7.937308325761841,7.974717878473794,8.006609011498558,8.033339011151885,8.055555202523077,8.073963509693472,8.089211754863662,8.101873391925167,8.112502742312214,8.121564234300129,8.129456902068387,8.13649477039853,8.142903204679106,8.148893886368842,8.154672733715055
Trinidad..Tobago,9.136309757425705,9.161782995172315,9.187138349668814,9.211943473502199,9.235699163987153,9.257776843305322,9.277463129112778,9.293948309724536,9.306452050470142,9.314255458519687,9.316922330792472,9.314282197723916,9.306597280836549,9.294649460835275,9.279762063637138,9.263474303374785,9.247414352532918,9.2331763369806,9.2220685331766,9.215128694287138,9.213125703613857,9.216488857816698,9.225402949141628,9.23984778149682,9.259726634414037,9.28474412214838,9.314533940908921,9.348716976005392,9.386834220237741,9.428267073879042,9.472166623696344,9.517617875389835,9.56402630729417,9.610956288935501
Tunisia,7.991917458185911,8.026163262193522,8.060173248945027,8.093626573460488,8.126396934562615,8.15836564699359,8.189448797446785,8.219587782831706,8.248795063375145,8.277083699683208,8.304478540944064,8.331005176640288,8.356786512465732,8.382009729029177,8.406811497522828,8.431326060603189,8.455643797517213,8.479918097810627,8.50428053935567,8.528897240608664,8.553938926688991,8.57951965247783,8.6057240044004,8.632599471829424,8.660193884328176,8.688514883064249,8.717547924667421,8.747198041146502,8.777338755029618,8.807831135218791,8.838532278075473,8.869338733079404,8.90018249280052,8.931038934178021
Turkey,8.046791895695222,8.067825815870014,8.088784648913041,8.109551803483704,8.13002340646159,8.150068800045354,8.169507100275018,8.188195828591288,8.206174168924495,8.22369491652181,8.241157833484616,8.258990152060896,8.277479375179748,8.296796116285565,8.316956050272493,8.337858758992073,8.359333092758945,8.381133822649765,8.403010640089141,8.424797153565258,8.446356201239574,8.467481643792755,8.488025416245696,8.507837378598449,8.526798687919559,8.54491629601138,8.56209873931648,8.578225401301081,8.593241952621467,8.607246752343142,8.620487612357476,8.633206769716919,8.64572218746206,8.658183589948814
Uganda,7.023715922508913,6.991248316546813,6.958634915661759,6.925581587413638,6.89182916706383,6.85725717641551,6.821884103852327,6.7859382905057295,6.749906931825287,6.714632090548431,6.681280861638848,6.650902601362802,6.624391851871216,6.602268631798565,6.584881970268133,6.572593880984502,6.565799045928345,6.564771149801406,6.5696510472274,6.580346993627413,6.596515663808525,6.617640371153108,6.643123736309584,6.672304773307603,6.704417276929534,6.738633194811231,6.774365262240769,6.811082952573752,6.848349311908917,6.885841073676712,6.923326355868906,6.960706627207799,6.997984889197064,7.03521381235985
United.Arab.Emirates,9.597181604335375,9.716733014705232,9.835255551214905,9.950647284093654,10.059219174309902,10.156481406590279,10.239187457837234,10.305386205419012,10.35423745901801,10.38589892831507,10.40101467264043,10.400885953234086,10.387704114506603,10.364373259360587,10.334103069044511,10.300091549152596,10.265484990224172,10.233196375643255,10.205253106891444,10.182967864888097,10.166881424866538,10.157074466934187,10.153555556499516,10.15622020805299,10.164867627936333,10.178953773989639,10.197738312285288,10.22038437847051,10.246064410703232,10.274069665404747,10.303727943460613,10.334379195022567,10.365551931792137,10.396937880702998
United.Kingdom,9.479130509131288,9.49731257685616,9.515443515722552,9.53343601263063,9.551195111351433,9.568749079084482,9.586180231247626,9.603561971863591,9.620993443009716,9.638574821463163,9.656447781097052,9.674819820103146,9.693874000863827,9.713697467352967,9.734266784299777,9.755484771039981,9.777185195377148,9.799160628905131,9.821203725690852,9.843159489093361,9.864999581304684,9.886819247085583,9.908793002931251,9.931076951442094,9.95375557744431,9.976839565610506,10.000307529211543,10.02410820710759,10.048164616131812,10.072389109411695,10.096701390157403,10.121033807551301,10.145359951596863,10.169680751651084
United.States,9.782293208391264,9.803329978047575,9.824325883451452,9.845209035449049,9.86593718118358,9.886560777521789,9.90712976162113,9.927615124877066,9.947971751617175,9.968180476491328,9.988306568479937,10.00849748774995,10.028890384742391,10.049596901556457,10.070588358740592,10.091738769751972,10.112926625798188,10.13405897095749,10.155077631848888,10.17596301431854,10.196755139284996,10.217561469961863,10.238522634928424,10.259724776441848,10.281206320451895,10.302951129512353,10.324914515194296,10.347006963666214,10.369109446091404,10.391109711497906,10.412929804574627,10.43455809826399,10.456062589404139,10.477522118508018
Uruguay,8.733575913813922,8.751718571647862,8.769907138738,8.788202628089294,8.806544580480454,8.824755542430026,8.84255486533797,8.859645032354521,8.875756955987107,8.89063341921675,8.9041261382203,8.91634894793913,8.927768240184411,8.939195390060073,8.9514922310776,8.965295659863319,8.980916336903103,8.998312241274622,9.017281351022287,9.037642260003496,9.059149208325683,9.08143935628141,9.103957571183395,9.125998630205766,9.146886224186453,9.165999375626802,9.182892822915704,9.197196984392669,9.208701994436433,9.217437019757536,9.223756781375888,9.228239889161944,9.231609825732388,9.234615406628093
Vanuatu,7.552342948494859,7.5878171000680625,7.6231735987738904,7.658075270821545,7.691870217544438,7.723816977639032,7.753665863900382,7.78138263305408,7.807045714903859,7.830676202952757,7.852499481738359,7.872891157704921,7.891944859650789,7.909450315243587,7.925026728208276,7.938616755631727,7.9505050376952004,7.961103267354749,7.970954675390223,7.980392695562837,7.989519771325087,7.998201854071298,8.006064200628463,8.012703389140068,8.017806057477445,8.021162653604593,8.022628447987405,8.022154822337232,8.019707147081082,8.015385946594089,8.009554073372255,8.002643004410226,7.995264582754226,7.987824376388932
Venezuela,8.955233438921319,8.96940632804095,8.983583158420867,8.99750231609432,9.010621376363936,9.022260167754396,9.031776944023235,9.03862084340337,9.042458984747949,9.043258558666485,9.041263889868866,9.036937430189674,9.030848998961163,9.023645586369698,9.015968467621942,9.008299897221027,9.000959047218322,8.99405650859924,8.987585827321716,8.981468163788941,8.975655364676577,8.969874302610432,8.963713901236819,8.95682601427672,8.949028426598867,8.94025173628266,8.930421002836901,8.919512780297342,8.907486472256288,8.894412906940804,8.880464512990264,8.86577976916317,8.850542920989062,8.835069789896602
Zambia,7.101003626976673,7.112400330308501,7.123656955625088,7.134452722593205,7.144478397171311,7.153477232092676,7.161030639177282,7.166655777865395,7.170103850728228,7.171177207992862,7.16970853119882,7.165564479714122,7.1585918041700065,7.148703048844523,7.135830964274651,7.120114314572723,7.101857207074359,7.081356176987548,7.058736285419738,7.03413357612393,7.007753991413416,6.98006362425347,6.951555017024234,6.922890291137366,6.894790017797588,6.868046776712832,6.843319272252655,6.820901921004269,6.800806194584783,6.782868655699339,6.7667342048751244,6.751911670418831,6.737901745066728,6.724211617505975
Zimbabwe,8.049367942100481,8.05516766295536,8.060757987170934,8.065905966816478,8.070439672206495,8.07428110775839,8.077606866017236,8.080726383752909,8.083924371133563,8.087126769881648,8.090002406301046,8.092154695474317,8.093160049270598,8.092939862510821,8.091664149663226,8.089878551168685,8.087988953276326,8.08624527120843,8.084660764648552,8.082871240385495,8.08034058527558,8.076661113079961,8.071588213902276,8.065307333965489,8.057967941735773,8.049631985201287,8.0403618506725,8.03001021454166,8.018410784049738,8.005448423794517,7.9910819488360545,7.975449927323233,7.958933805526361,7.942059725255077
